instituicao_responsavel_original,instituicao_responsavel_normalizada,instituicoes_apoio_originais,instituicoes_apoio_normalizadas,arquivo_origem,id_documento_logico
Civil Society Working Group for the 2030 Agenda (GTSC A2030),GTSC A2030,"[""ARTICLE 19 Brazil"", ""Gestos – Soropositividade, Comunicação e Gênero"", ""Ação Educativa"", ""ACT Promoção da Saúde"", ""ActionAid"", ""Agenda Pública"", ""Aliança Resíduo Zero Brasil"", ""ARTIGO 19"", ""Associação Brasileira de Combate ao Lixo no Mar - ABLM"", ""Associação Brasileira de Organizações Não Governamentais - ABONG"", ""Campanha Nacional pelo Direito à Educação"", ""Casa Fluminense"", ""Centro Brasil de Saúde Global"", ""Centro de Estudos do Mar - UFPR"", ""Clímax Brasil"", ""Coletivo Mangueiras"", ""Comitê de Articulação Energia e Comunidades"", ""Engajamundo"", ""Federação Brasileira de Associações de Bibliotecários e Instituições - FEBAB"", ""Fórum de Ongs Aids do Estado de São Paulo"", ""Fórum Nacional de Prevenção e Erradicação do Trabalho Infantil - FNPETI"", ""Frente por uma Nova Política Energética para o Brasil"", ""Fundação Grupo Esquel Brasil"", ""Fundação Joaquim Nabuco - FUNDAJ"", ""Geledés - Instituto da Mulher Negra"", ""GT Agenda 2030 da Comissão de Política Urbana do Instituto de Arquitetos do Brasil"", ""Instituto Brasileiro de Análises Sociais e Econômicas - IBASE"", ""Instituto de Desenvolvimento e Direitos Humanos - IDDH"", ""Instituto Brasileiro de Defesa do Consumidor - IDEC"", ""Instituto Democracia e Sustentabilidade - IDS"", ""Instituto de Energia e Ambiente - IEE/ USP"", ""International Energy Initiative - IEI Brasil"", ""Instituto de Estudos Socioeconômicos - INESC"", ""Instituto 5 Elementos - Educação para a Sustentabilidade"", ""Instituto Água e Saneamento - IAS"", ""Instituto Costa Brasilis"", ""Instituto de Filosofia e Ciências Sociais - IFSC/ UFRJ"", ""Instituto de Pesca"", ""Instituto Maramar"", ""Instituto Nacional de Ciências e Tecnologia em Políticas Públicas, Estratégias e Desenvolvimento - INCT/PPED - UFRJ"", ""Instituto Oceanográfico - IO/USP"", ""Instituto Physis - Cultura & Ambiente"", ""Instituto Pólis"", ""Laboratório de Ecologia e Conservação Marinha, Instituto do Mar - UNIFESP"", ""Movimento Nacional das Cidadãs Posithivas - MNCP"", ""Observatório de Governança das Águas - OGA"", ""Observatório Metropolitano ODS - METRODS"", ""Oceano à Vista"", ""Ouvidoria do Mar"", ""Oxfam Brasil"", ""Parceria Brasileira contra a Tuberculose – Stop TB Brasil"", ""Plan Internacional Brasil"", ""Programa Cidades Sustentáveis"", ""Programa Interunidades de Pós-Graduação em Análise Ambiental Integrada - PPG-AAI/ UNIFESP"", ""Rede Brasileira de População e Desenvolvimento - REBRAPD"", ""Rede MAS - Mulheres Atuando pela Sustentabilidade"", ""Rede Nacional de Pessoas Vivendo com HIV e AIDS (RNP+ Brasil)"", ""The Nature Conservancy Brasil"", ""Transparência Internacional Brasil"", ""UnB 2030/ UnB"", ""Universidade de Brasília - UNB"", ""Universidade de Pernambuco - UPE"", ""Universidade do Estado do Rio de Janeiro - UERJ"", ""Universidade do Vale do Itajaí - UNIVALI"", ""Universidade Estadual do Maranhão - UEMA"", ""Universidade Federal da Grande Dourados - UFGD"", ""Universidade Federal de São Paulo - UNIFESP"", ""University College Cork/MaREI"", ""Visão Mundial"", ""Vital Strategies"", ""Wildlife Conservation Society Brasil"", ""WWF - Brasil""]","[""ARTICLE 19 Brazil"", ""Gestos – Soropositividade, Comunicação e Gênero"", ""Ação Educativa"", ""ACT Promoção da Saúde"", ""ActionAid"", ""Agenda Pública"", ""Aliança Resíduo Zero Brasil"", ""ARTIGO 19"", ""Associação Brasileira de Combate ao Lixo no Mar - ABLM"", ""Associação Brasileira de Organizações Não Governamentais - ABONG"", ""Campanha Nacional pelo Direito à Educação"", ""Casa Fluminense"", ""Centro Brasil de Saúde Global"", ""Centro de Estudos do Mar - UFPR"", ""Clímax Brasil"", ""Coletivo Mangueiras"", ""Comitê de Articulação Energia e Comunidades"", ""Engajamundo"", ""Federação Brasileira de Associações de Bibliotecários e Instituições - FEBAB"", ""Fórum de Ongs Aids do Estado de São Paulo"", ""Fórum Nacional de Prevenção e Erradicação do Trabalho Infantil - FNPETI"", ""Frente por uma Nova Política Energética para o Brasil"", ""Fundação Grupo Esquel Brasil"", ""Fundação Joaquim Nabuco - FUNDAJ"", ""Geledés - Instituto da Mulher Negra"", ""GT Agenda 2030 da Comissão de Política Urbana do Instituto de Arquitetos do Brasil"", ""Instituto Brasileiro de Análises Sociais e Econômicas - IBASE"", ""Instituto de Desenvolvimento e Direitos Humanos - IDDH"", ""Instituto Brasileiro de Defesa do Consumidor - IDEC"", ""Instituto Democracia e Sustentabilidade - IDS"", ""Instituto de Energia e Ambiente - IEE/ USP"", ""International Energy Initiative - IEI Brasil"", ""Instituto de Estudos Socioeconômicos - INESC"", ""Instituto 5 Elementos - Educação para a Sustentabilidade"", ""Instituto Água e Saneamento - IAS"", ""Instituto Costa Brasilis"", ""Instituto de Filosofia e Ciências Sociais - IFSC/ UFRJ"", ""Instituto de Pesca"", ""Instituto Maramar"", ""Instituto Nacional de Ciências e Tecnologia em Políticas Públicas, Estratégias e Desenvolvimento - INCT/PPED - UFRJ"", ""Instituto Oceanográfico - IO/USP"", ""Instituto Physis - Cultura & Ambiente"", ""Instituto Pólis"", ""Laboratório de Ecologia e Conservação Marinha, Instituto do Mar - UNIFESP"", ""Movimento Nacional das Cidadãs Posithivas - MNCP"", ""Observatório de Governança das Águas - OGA"", ""Observatório Metropolitano ODS - METRODS"", ""Oceano à Vista"", ""Ouvidoria do Mar"", ""Oxfam Brasil"", ""Parceria Brasileira contra a Tuberculose – Stop TB Brasil"", ""Plan Internacional Brasil"", ""Programa Cidades Sustentáveis"", ""Programa Interunidades de Pós-Graduação em Análise Ambiental Integrada - PPG-AAI/ UNIFESP"", ""Rede Brasileira de População e Desenvolvimento - REBRAPD"", ""Rede MAS - Mulheres Atuando pela Sustentabilidade"", ""Rede Nacional de Pessoas Vivendo com HIV e AIDS (RNP+ Brasil)"", ""The Nature Conservancy Brasil"", ""Transparência Internacional Brasil"", ""UnB 2030/ UnB"", ""Universidade de Brasília - UNB"", ""Universidade de Pernambuco - UPE"", ""Universidade do Estado do Rio de Janeiro - UERJ"", ""Universidade do Vale do Itajaí - UNIVALI"", ""Universidade Estadual do Maranhão - UEMA"", ""Universidade Federal da Grande Dourados - UFGD"", ""Universidade Federal de São Paulo - UNIFESP"", ""University College Cork/MaREI"", ""Visão Mundial"", ""Vital Strategies"", ""Wildlife Conservation Society Brasil"", ""WWF - Brasil""]",001.pdf,doc_5ba60d8ea1c8ec6a
Rodrigo Starling,Rodrigo Starling,[],[],002.pdf,doc_1ef6f7fd04bfc171
Gherzi,Gherzi,"[""SENAI-CETIQT"", ""SENAI SP""]","[""SENAI-CETIQT"", ""SENAI SP""]",003.pdf,doc_49e12d5670dda940
Programa das Nações Unidas para o Desenvolvimento (PNUD),Programa das Nações Unidas para o Desenvolvimento (PNUD),"[""Sistema das Nações Unidas no Brasil"", ""Organização das Nações Unidas para a Alimentação e a Agricultura (FAO)"", ""Comissão Econômica para a América Latina e o Caribe (Cepal)"", ""Centro de Excelência no Combate à Fome no Brasil"", ""Escritório das Nações Unidas para a Redução do Risco de Desastres (UNISDR)"", ""Programa das Nações Unidas para o Meio Ambiente (PNUMA)"", ""Programa das Nações Unidas para os Assentamentos Humanos (ONU-Habitat)"", ""Fundo das Nações Unidas para a Infância (Unicef)"", ""Programa Conjunto das Nações Unidas sobre HIV/AIDS (UNAIDS)"", ""Organização das Nações Unidas para o Desenvolvimento Industrial (Unido)"", ""Fundo de População das Nações Unidas (UNFPA)"", ""Organização Pan-Americana da Saúde (Opas)"", ""Organização Mundial da Saúde (OMS)"", ""International Policy Centre for Inclusive Growth (IPC-IG)"", ""Organização das Nações Unidas para a Educação, a Ciência e a Cultura (Unesco)"", ""Voluntários da ONU no Brasil"", ""ONU Mulheres"", ""Escritório das Nações Unidas sobre Drogas e Crime (UNODC)"", ""Organização Internacional do Trabalho (OIT)"", ""Escritório das Nações Unidas de Serviços para Projetos (Unops)""]","[""Sistema das Nações Unidas no Brasil"", ""Organização das Nações Unidas para a Alimentação e a Agricultura (FAO)"", ""Comissão Econômica para a América Latina e o Caribe (Cepal)"", ""Centro de Excelência no Combate à Fome no Brasil"", ""Escritório das Nações Unidas para a Redução do Risco de Desastres (UNISDR)"", ""Programa das Nações Unidas para o Meio Ambiente (PNUMA)"", ""Programa das Nações Unidas para os Assentamentos Humanos (ONU-Habitat)"", ""Fundo das Nações Unidas para a Infância (Unicef)"", ""Programa Conjunto das Nações Unidas sobre HIV/AIDS (UNAIDS)"", ""Organização das Nações Unidas para o Desenvolvimento Industrial (Unido)"", ""Fundo de População das Nações Unidas (UNFPA)"", ""Organização Pan-Americana da Saúde (Opas)"", ""Organização Mundial da Saúde (OMS)"", ""International Policy Centre for Inclusive Growth (IPC-IG)"", ""Organização das Nações Unidas para a Educação, a Ciência e a Cultura (Unesco)"", ""Voluntários da ONU no Brasil"", ""ONU Mulheres"", ""Escritório das Nações Unidas sobre Drogas e Crime (UNODC)"", ""Organização Internacional do Trabalho (OIT)"", ""Escritório das Nações Unidas de Serviços para Projetos (Unops)""]",004.pdf,doc_196accfdd54b1443
Governo do Estado do Acre,Governo do Estado do Acre,"[""Associação Comercial do Acre"", ""Associação de Mulheres Negras do Acre"", ""Associação de Pais e Amigos dos Excepcionais"", ""Associação dos Municípios do Acre"", ""Associação dos Professores Indígenas do Acre"", ""Banco da Amazônia"", ""Banco do Brasil"", ""Caixa Econômica Federal"", ""Companhia de Armazéns Gerais e Entrepostos do Acre"", ""Conselho Estadual da Pessoa Com Deficiência"", ""Conselho Nacional das Populações Extrativistas"", ""Conselho Estadual de Assistência Social"", ""Conselho Estadual de Cultura do Acre"", ""Conselho Regional de Engenharia e Arquitetura"", ""Conselho Estadual de Turismo"", ""Conselho Estadual do Direito da Criança e Adolescente"", ""Conselho Estadual do Direito Do Idoso"", ""Controladoria Geral do Estado"", ""Cooperativa Central de Comercialização Extrativista do Acre"", ""Cooperativa dos Produtores Florestais Comunitários"", ""Corpo de Bombeiros Militar do Acre"", ""Defensoria Pública Estadual"", ""Departamento de Estradas de Rodagem, Infraestrutura Hidroviária e Aeroportuária do Acre"", ""Departamento de Trânsito"", ""Empresa de Assistência Técnica e Extensão Rural do Estado do Acre"", ""Exército Brasileiro"", ""Federação das Industrias do Estado do Acre"", ""Federação do Comércio de Bens, Serviços e Turismo do Estado do Acre"", ""Federação da Agricultura e Pecuária do Estado do Acre"", ""Fórum Empresarial"", ""Fundação de Amparo à Pesquisa do Estado do Acre"", ""Fundação Nacional do Índio"", ""Instituto Brasileiro de Meio Ambiente Recursos Naturais Renováveis"", ""Instituto de Administração Penitenciária"", ""Instituto de Mudanças Climáticas e Regulação de Serviços Ambientais"", ""Instituto de Previdência do Estado do Acre"", ""Instituto de Terras do Acre"", ""Ministério Público do Estado do Acre"", ""Procuradoria Geral do Estado"", ""Secretaria de Patrimônio da União"", ""Serviço de Água e Esgoto de Rio Branco"", ""Serviço Social do Transporte e o Serviço Nacional de Aprendizagem do Transporte"", ""Sindicato de Técnicos e Gestores"", ""Tribunal de Contas do Estado do Acre"", ""Tribunal de Justiça do Estado do Acre"", ""Universidade Federal do Acre"", ""WWF""]","[""Associação Comercial do Acre"", ""Associação de Mulheres Negras do Acre"", ""Associação de Pais e Amigos dos Excepcionais"", ""Associação dos Municípios do Acre"", ""Associação dos Professores Indígenas do Acre"", ""Banco da Amazônia"", ""Banco do Brasil"", ""Caixa Econômica Federal"", ""Companhia de Armazéns Gerais e Entrepostos do Acre"", ""Conselho Estadual da Pessoa Com Deficiência"", ""Conselho Nacional das Populações Extrativistas"", ""Conselho Estadual de Assistência Social"", ""Conselho Estadual de Cultura do Acre"", ""Conselho Regional de Engenharia e Arquitetura"", ""Conselho Estadual de Turismo"", ""Conselho Estadual do Direito da Criança e Adolescente"", ""Conselho Estadual do Direito Do Idoso"", ""Controladoria Geral do Estado"", ""Cooperativa Central de Comercialização Extrativista do Acre"", ""Cooperativa dos Produtores Florestais Comunitários"", ""Corpo de Bombeiros Militar do Acre"", ""Defensoria Pública Estadual"", ""Departamento de Estradas de Rodagem, Infraestrutura Hidroviária e Aeroportuária do Acre"", ""Departamento de Trânsito"", ""Empresa de Assistência Técnica e Extensão Rural do Estado do Acre"", ""Exército Brasileiro"", ""Federação das Industrias do Estado do Acre"", ""Federação do Comércio de Bens, Serviços e Turismo do Estado do Acre"", ""Federação da Agricultura e Pecuária do Estado do Acre"", ""Fórum Empresarial"", ""Fundação de Amparo à Pesquisa do Estado do Acre"", ""Fundação Nacional do Índio"", ""Instituto Brasileiro de Meio Ambiente Recursos Naturais Renováveis"", ""Instituto de Administração Penitenciária"", ""Instituto de Mudanças Climáticas e Regulação de Serviços Ambientais"", ""Instituto de Previdência do Estado do Acre"", ""Instituto de Terras do Acre"", ""Ministério Público do Estado do Acre"", ""Procuradoria Geral do Estado"", ""Secretaria de Patrimônio da União"", ""Serviço de Água e Esgoto de Rio Branco"", ""Serviço Social do Transporte e o Serviço Nacional de Aprendizagem do Transporte"", ""Sindicato de Técnicos e Gestores"", ""Tribunal de Contas do Estado do Acre"", ""Tribunal de Justiça do Estado do Acre"", ""Universidade Federal do Acre"", ""WWF""]",005.pdf,doc_dd2f66377634241c
Movimento Brasil Competitivo,Movimento Brasil Competitivo,"[""Gerdau"", ""Toyota"", ""FGV""]","[""Gerdau"", ""Toyota"", ""FGV""]",006.pdf,doc_9c7970f324203879
Movimento Sindical (Centrais Sindicais e DIEESE),Movimento Sindical (Centrais Sindicais e DIEESE),[],[],007.pdf,doc_a76fbd8ca74124fd
Agência Nacional de Águas e Saneamento Básico (ANA),Agência Nacional de Águas e Saneamento Básico (ANA),"[""Ministério do Desenvolvimento Regional"", ""Consórcio Engecorps, TPF, Proffil""]","[""Ministério do Desenvolvimento Regional"", ""Consórcio Engecorps, TPF, Proffil""]",008.pdf,doc_f7ae5c3e1f6ed8bd
"Ministério do Desenvolvimento, Indústria e Serviços (MDIC)","Ministério do Desenvolvimento, Indústria e Serviços (MDIC)","[""Brasscom"", ""ABDI""]","[""Brasscom"", ""ABDI""]",009.pdf,doc_c545462db0d52f40
Ministério do Meio Ambiente,Ministério do Meio Ambiente,"[""Agência Nacional de Águas"", ""Câmara Interministerial de Segurança Alimentar e Nutricional"", ""Casa Civil da Presidência da República"", ""Centro Nacional de Monitoramento de Desastres Naturais"", ""Empresa Brasileira de Pesquisa Agropecuária"", ""Fórum Brasileiro de Mudanças Climáticas"", ""Fundação Nacional do Índio"", ""Fundação Oswaldo Cruz"", ""Instituto Brasileiro do Meio Ambiente e dos Recursos Naturais Renováveis"", ""Instituto Chico Mendes de Conservação da Biodiversidade"", ""Instituto Nacional de Pesquisas Espaciais"", ""Ministério da Agricultura, Pecuária e Abastecimento"", ""Ministério da Ciência, Tecnologia e Inovação"", ""Ministério da Integração Nacional"", ""Ministério das Cidades"", ""Ministério das Relações Exteriores"", ""Ministério de Minas e Energia"", ""Ministério do Desenvolvimento Agrário"", ""Ministério do Desenvolvimento Social e Combate à Fome"", ""Ministério do Desenvolvimento, Indústria e Comércio Exterior"", ""Ministério do Planejamento Orçamento e Gestão"", ""Ministério da Saúde"", ""Ministério dos Transportes"", ""Serviço Florestal Brasileiro"", ""Serviço Geológico do Brasil-CPRM"", ""Rede Clima"", ""Painel Brasileiro de Mudança do Clima (PBMC)"", ""Instituto Nacional de Meteorologia (Inmet)"", ""Instituto de Pesquisa Econômica Aplicada (IPEA)"", ""Instituto Brasileiro de Geografia e Estatística (IBGE)"", ""Plataforma ABC""]","[""Agência Nacional de Águas"", ""Câmara Interministerial de Segurança Alimentar e Nutricional"", ""Casa Civil da Presidência da República"", ""Centro Nacional de Monitoramento de Desastres Naturais"", ""Empresa Brasileira de Pesquisa Agropecuária"", ""Fórum Brasileiro de Mudanças Climáticas"", ""Fundação Nacional do Índio"", ""Fundação Oswaldo Cruz"", ""Instituto Brasileiro do Meio Ambiente e dos Recursos Naturais Renováveis"", ""Instituto Chico Mendes de Conservação da Biodiversidade"", ""Instituto Nacional de Pesquisas Espaciais"", ""Ministério da Agricultura, Pecuária e Abastecimento"", ""Ministério da Ciência, Tecnologia e Inovação"", ""Ministério da Integração Nacional"", ""Ministério das Cidades"", ""Ministério das Relações Exteriores"", ""Ministério de Minas e Energia"", ""Ministério do Desenvolvimento Agrário"", ""Ministério do Desenvolvimento Social e Combate à Fome"", ""Ministério do Desenvolvimento, Indústria e Comércio Exterior"", ""Ministério do Planejamento Orçamento e Gestão"", ""Ministério da Saúde"", ""Ministério dos Transportes"", ""Serviço Florestal Brasileiro"", ""Serviço Geológico do Brasil-CPRM"", ""Rede Clima"", ""Painel Brasileiro de Mudança do Clima (PBMC)"", ""Instituto Nacional de Meteorologia (Inmet)"", ""Instituto de Pesquisa Econômica Aplicada (IPEA)"", ""Instituto Brasileiro de Geografia e Estatística (IBGE)"", ""Plataforma ABC""]",010.pdf,doc_40cddb617bbea4df
,,"[""Entremeios—Articulação e Formação""]","[""Entremeios—Articulação e Formação""]",011.pdf,doc_4ad2cb27d384f284
Centro de Estudos e Debates Estratégicos,Centro de Estudos e Debates Estratégicos,"[""Departamento de Taquigrafia, Revisão e Redação""]","[""Departamento de Taquigrafia, Revisão e Redação""]",012.pdf,doc_afcb4f3426b9f49b
Fundação Getulio Vargas (FGV EBAPE - Centro de Estudos de Competitividade e Inovação - CECIN),Fundação Getulio Vargas (FGV EBAPE - Centro de Estudos de Competitividade e Inovação - CECIN),"[""Agência Brasileira de Desenvolvimento Industrial (ABDI)"", ""SAP Brasil"", ""Conselho Nacional de Proteção de Dados Pessoais (CNPD)"", ""Amazon Web Services (AWS)"", ""Fundação Brava"", ""Secretaria de Inovação, Desenvolvimento Rural e Irrigação - MAPA"", ""Oracle"", ""Microsoft"", ""Intel"", ""IBM"", ""Secretaria de Governo Digital - ME"", ""BrazilLab"", ""Organização para a Cooperação e Desenvolvimento Econômico (OCDE)"", ""Movimento Brasil Competitivo"", ""Casa Civil da Presidência da República"", ""Ministério da Ciência, Tecnologia e Inovações"", ""Ministério da Economia"", ""Gerdau"", ""Eletrobras"", ""Grupo FarmaBrasil"", ""Biolab"", ""Google"", ""Motorola"", ""Mover"", ""Qualcomm""]","[""Agência Brasileira de Desenvolvimento Industrial (ABDI)"", ""SAP Brasil"", ""Conselho Nacional de Proteção de Dados Pessoais (CNPD)"", ""Amazon Web Services (AWS)"", ""Fundação Brava"", ""Secretaria de Inovação, Desenvolvimento Rural e Irrigação - MAPA"", ""Oracle"", ""Microsoft"", ""Intel"", ""IBM"", ""Secretaria de Governo Digital - ME"", ""BrazilLab"", ""Organização para a Cooperação e Desenvolvimento Econômico (OCDE)"", ""Movimento Brasil Competitivo"", ""Casa Civil da Presidência da República"", ""Ministério da Ciência, Tecnologia e Inovações"", ""Ministério da Economia"", ""Gerdau"", ""Eletrobras"", ""Grupo FarmaBrasil"", ""Biolab"", ""Google"", ""Motorola"", ""Mover"", ""Qualcomm""]",013.pdf,doc_eff1ad92fc91d5e5
Instituto Brasileiro de Petróleo e Gás (IBP),Instituto Brasileiro de Petróleo e Gás (IBP),[],[],014.pdf,doc_48341ed5825e8fd2
Governo do Estado do Ceará,Governo do Estado do Ceará,[],[],015.pdf,doc_ee8d5a4d00a557b4
Banco Nacional de Desenvolvimento Econômico e Social (BNDES),Banco Nacional de Desenvolvimento Econômico e Social (BNDES),"[""Universidade Federal da Bahia (UFB)"", ""Confederação Nacional da Indústria (CNI)"", ""Serviço Nacional de Aprendizagem Industrial (Senai)"", ""Fundação de Economia e Estatística (FEE/RS)""]","[""Universidade Federal da Bahia (UFB)"", ""Confederação Nacional da Indústria (CNI)"", ""Serviço Nacional de Aprendizagem Industrial (Senai)"", ""Fundação de Economia e Estatística (FEE/RS)""]",016.pdf,doc_047f5a151709c0e8
Organisation for Economic Co-operation and Development (OECD),Organisation for Economic Co-operation and Development (OECD),"[""Committee for Agriculture (COAG)"", ""Fisheries Committee (COFI)"", ""Employment, Labour and Social Affairs Committee (ELSAC)"", ""Economic Policy Committee (EPC)"", ""Environment Policy Committee (EPOC)"", ""Health Committee (HC)"", ""Investment Committee (IC)"", ""Public Governance Committee (PGC)"", ""Regional Development Policy Committee (RDPC)"", ""Net Zero+ Committee Leadership Group"", ""Centre for Entrepreneurship, SMEs, Regions and Cities"", ""Economics Department"", ""Directorate for Employment, Labour and Social Affairs"", ""Environment Directorate"", ""Public Governance"", ""Trade and Agriculture Directorate""]","[""Committee for Agriculture (COAG)"", ""Fisheries Committee (COFI)"", ""Employment, Labour and Social Affairs Committee (ELSAC)"", ""Economic Policy Committee (EPC)"", ""Environment Policy Committee (EPOC)"", ""Health Committee (HC)"", ""Investment Committee (IC)"", ""Public Governance Committee (PGC)"", ""Regional Development Policy Committee (RDPC)"", ""Net Zero+ Committee Leadership Group"", ""Centre for Entrepreneurship, SMEs, Regions and Cities"", ""Economics Department"", ""Directorate for Employment, Labour and Social Affairs"", ""Environment Directorate"", ""Public Governance"", ""Trade and Agriculture Directorate""]",017.pdf,doc_a8ea156901b34a5b
CDP Latin America,CDP Latin America,[],[],018.pdf,doc_ec63bad9ddd83521
Agência Nacional de Águas e Saneamento Básico (ANA),Agência Nacional de Águas e Saneamento Básico (ANA),"[""Secretaria Nacional de Segurança Hídrica - MDR"", ""Secretaria Nacional de Saneamento - MDR"", ""Secretaria Nacional de Irrigação - MDR"", ""Instituto Brasileiro de Geografia e Estatística - IBGE"", ""Instituto Brasileiro do Meio Ambiente e dos Recursos Naturais Renováveis – IBAMA"", ""Instituto Nacional de Meteorologia – INMET"", ""Departamento Nacional de Obras Contra as Secas – DNOCS"", ""Agência Nacional de Energia Elétrica - ANEEL"", ""Companhia de Pesquisa de Recursos Minerais - CPRM"", ""Sema/AC"", ""Sema/AP"", ""IMAP/AP"", ""Sema/AM"", ""Ipaam/AM"", ""Semarh/AL"", ""IMA/AL"", ""Inema/BA"", ""SRH/CE"", ""Cogerh/CE"", ""Adasa/DF"", ""Caesb/DF"", ""AGERH/ES"", ""Iema/ES"", ""SEMAD/GO"", ""Sema/MA"", ""Sema/MT"", ""Imasul/MS"", ""Igam/MG"", ""Semas/PA"", ""Aesa/PB"", ""Sudema/PB"", ""SRHE/PE"", ""CPRH/PE"", ""APAC/PE"", ""Sema/PR"", ""IAT/PR"", ""Semar/PI"", ""Inea/RJ"", ""Semarh/RN"", ""IGARN/RN"", ""Sema/RS"", ""Fepam/RS"", ""Sedam/RO"", ""Femarh/RR"", ""SDE/SC"", ""SIMA/SP"", ""Cetesb/SP"", ""DAEE/SP"", ""SEDURBS/SE"", ""Naturatins/TO"", ""BRKAmbiental/TO"", ""SEMARH/TO""]","[""Secretaria Nacional de Segurança Hídrica - MDR"", ""Secretaria Nacional de Saneamento - MDR"", ""Secretaria Nacional de Irrigação - MDR"", ""Instituto Brasileiro de Geografia e Estatística - IBGE"", ""Instituto Brasileiro do Meio Ambiente e dos Recursos Naturais Renováveis – IBAMA"", ""Instituto Nacional de Meteorologia – INMET"", ""Departamento Nacional de Obras Contra as Secas – DNOCS"", ""Agência Nacional de Energia Elétrica - ANEEL"", ""Companhia de Pesquisa de Recursos Minerais - CPRM"", ""Sema/AC"", ""Sema/AP"", ""IMAP/AP"", ""Sema/AM"", ""Ipaam/AM"", ""Semarh/AL"", ""IMA/AL"", ""Inema/BA"", ""SRH/CE"", ""Cogerh/CE"", ""Adasa/DF"", ""Caesb/DF"", ""AGERH/ES"", ""Iema/ES"", ""SEMAD/GO"", ""Sema/MA"", ""Sema/MT"", ""Imasul/MS"", ""Igam/MG"", ""Semas/PA"", ""Aesa/PB"", ""Sudema/PB"", ""SRHE/PE"", ""CPRH/PE"", ""APAC/PE"", ""Sema/PR"", ""IAT/PR"", ""Semar/PI"", ""Inea/RJ"", ""Semarh/RN"", ""IGARN/RN"", ""Sema/RS"", ""Fepam/RS"", ""Sedam/RO"", ""Femarh/RR"", ""SDE/SC"", ""SIMA/SP"", ""Cetesb/SP"", ""DAEE/SP"", ""SEDURBS/SE"", ""Naturatins/TO"", ""BRKAmbiental/TO"", ""SEMARH/TO""]",019.pdf,doc_513d04faa5e21448
"Universidade Federal Fluminense, Pró-Reitoria de Pesquisa, Pós-Graduação e Inovação","Universidade Federal Fluminense, Pró-Reitoria de Pesquisa, Pós-Graduação e Inovação","[""Ministério das Cidades"", ""Secretaria Nacional de Habitação""]","[""Ministério das Cidades"", ""Secretaria Nacional de Habitação""]",020.pdf,doc_50dcf43b51bafb62
Secretaria de Recursos Hídricos do Ministério do Meio Ambiente,Secretaria de Recursos Hídricos do Ministério do Meio Ambiente,"[""Agência Nacional de Águas (ANA)"", ""Organização das Nações Unidas para a Educação, Ciência e a Cultura (UNESCO)"", ""Organização dos Estados Americanos (OEA)""]","[""Agência Nacional de Águas (ANA)"", ""Organização das Nações Unidas para a Educação, Ciência e a Cultura (UNESCO)"", ""Organização dos Estados Americanos (OEA)""]",021.pdf,doc_1d3aee27583371ed
Banco Interamericano de Desenvolvimento,Banco Interamericano de Desenvolvimento,[],[],022.pdf,doc_2e1453ae118bc760
Programa das Nações Unidas para o Desenvolvimento (PNUD),Programa das Nações Unidas para o Desenvolvimento (PNUD),"[""Conselho Científico Internacional (ISC)"", ""Sistema Europeu de Análise de Estratégias e Políticas"", ""Comissão Europeia (DG Parcerias Internacionais)"", ""Changeist"", ""Smithery"", ""scenarioDNA inc."", ""Escola Superior de Propaganda e Marketing do Brasil""]","[""Conselho Científico Internacional (ISC)"", ""Sistema Europeu de Análise de Estratégias e Políticas"", ""Comissão Europeia (DG Parcerias Internacionais)"", ""Changeist"", ""Smithery"", ""scenarioDNA inc."", ""Escola Superior de Propaganda e Marketing do Brasil""]",023.pdf,doc_ce5aa45e8158fcd4
United Nations General Assembly,United Nations General Assembly,[],[],024.pdf,doc_33f9f00fe918952b
Centro de Estudos Político-Estratégicos da Marinha (CEPE-MB),Centro de Estudos Político-Estratégicos da Marinha (CEPE-MB),[],[],025.pdf,doc_0caeb7161581d9e5
Fórum de Entidades e Federações do Estado do Espírito Santo,Fórum de Entidades e Federações do Estado do Espírito Santo,"[""Secretaria de Estado de Economia e Planejamento (SEP)"", ""Instituto Jones dos Santos Neves"", ""Fórum das Entidades e Federações (FEF)"", ""Espírito Santo em Ação"", ""Petrobras"", ""DVF Consultoria""]","[""Secretaria de Estado de Economia e Planejamento (SEP)"", ""Instituto Jones dos Santos Neves"", ""Fórum das Entidades e Federações (FEF)"", ""Espírito Santo em Ação"", ""Petrobras"", ""DVF Consultoria""]",026.pdf,doc_3df6bf43d9ef69fc
Governo Federal do Brasil,Governo Federal do Brasil,"[""Casa Civil da Presidência da República"", ""Ministério da Economia"", ""Instituto de Pesquisa Econômica Aplicada (Ipea)"", ""Ministérios setoriais""]","[""Casa Civil da Presidência da República"", ""Ministério da Economia"", ""Instituto de Pesquisa Econômica Aplicada (Ipea)"", ""Ministérios setoriais""]",027.pdf,doc_104106c0966db412
,,[],[],028.pdf,doc_1c16336d699329c9
"BMA – Barbosa, Müssnich & Aragão","BMA – Barbosa, Müssnich & Aragão","[""MoveInfra – Associação de Investidores em Infraestrutura Multissetorial""]","[""MoveInfra – Associação de Investidores em Infraestrutura Multissetorial""]",029.pdf,doc_bbc1d60b2a0acd32
Empresa de Pesquisa Energética,Empresa de Pesquisa Energética,"[""Ministério de Minas e Energia"", ""Superintendência de Estudos Econômicos e Energéticos""]","[""Ministério de Minas e Energia"", ""Superintendência de Estudos Econômicos e Energéticos""]",030.pdf,doc_8e264afeb0637ad8
Ministério do Meio Ambiente (MMA),Ministério do Meio Ambiente (MMA),"[""Comitê Interministerial da Política Nacional de Resíduos Sólidos"", ""Instituto de Pesquisa Econômica Aplicada (IPEA)"", ""Conselho Nacional de Meio Ambiente (CONAMA)"", ""Conselho Nacional das Cidades"", ""Conselho Nacional de Recursos Hídricos"", ""Conselho Nacional de Saúde"", ""Conselho Nacional de Política Agrícola"", ""Programa de Pesquisa para o Desenvolvimento Nacional (PNPD)""]","[""Comitê Interministerial da Política Nacional de Resíduos Sólidos"", ""Instituto de Pesquisa Econômica Aplicada (IPEA)"", ""Conselho Nacional de Meio Ambiente (CONAMA)"", ""Conselho Nacional das Cidades"", ""Conselho Nacional de Recursos Hídricos"", ""Conselho Nacional de Saúde"", ""Conselho Nacional de Política Agrícola"", ""Programa de Pesquisa para o Desenvolvimento Nacional (PNPD)""]",031.pdf,doc_978ee2b3dfb00ea9
BNDES,BNDES,"[""Secretaria de Desenvolvimento de Infraestrutura do Ministério da Economia (SDI/ME)""]","[""Secretaria de Desenvolvimento de Infraestrutura do Ministério da Economia (SDI/ME)""]",032.pdf,doc_eae6078d7101d10d
French General Secretariat for Investment,French General Secretariat for Investment,"[""French National Research Agency (ANR)"", ""French Agency for Ecological Transition (ADEME)"", ""Bpifrance"", ""Caisse des Dépôts et consignation (CDC)"", ""Ministry of National Education and Young People"", ""Ministry for Labour, Full Employment and Economic Inclusion"", ""Ministry of Higher Education and Research"", ""Ministry for Industry"", ""Ministry of the Economy, Finance and Industrial and Digital Sovereignty"", ""CNRS"", ""INRIA"", ""University of Strasbourg"", ""Université Paris Sciences et Lettres"", ""University of the Côte d’Azur"", ""University of La Rochelle"", ""CNR"", ""IRD"", ""Ifremer""]","[""French National Research Agency (ANR)"", ""French Agency for Ecological Transition (ADEME)"", ""Bpifrance"", ""Caisse des Dépôts et consignation (CDC)"", ""Ministry of National Education and Young People"", ""Ministry for Labour, Full Employment and Economic Inclusion"", ""Ministry of Higher Education and Research"", ""Ministry for Industry"", ""Ministry of the Economy, Finance and Industrial and Digital Sovereignty"", ""CNRS"", ""INRIA"", ""University of Strasbourg"", ""Université Paris Sciences et Lettres"", ""University of the Côte d’Azur"", ""University of La Rochelle"", ""CNR"", ""IRD"", ""Ifremer""]",033.pdf,doc_595ee8b0e2802062
OECD,OECD,"[""OECD Strategic Foresight Unit"", ""OECD Directorates"", ""OECD Government Foresight Community"", ""Strategic Futures Group of the United States National Intelligence Council"", ""Policy Horizons Canada"", ""Emlyon Business School"", ""University of Oxford"", ""Josef Korbel School of International Studies at the University of Denver"", ""Development Foundations""]","[""OECD Strategic Foresight Unit"", ""OECD Directorates"", ""OECD Government Foresight Community"", ""Strategic Futures Group of the United States National Intelligence Council"", ""Policy Horizons Canada"", ""Emlyon Business School"", ""University of Oxford"", ""Josef Korbel School of International Studies at the University of Denver"", ""Development Foundations""]",034.pdf,doc_779f0464baab41f0
National Intelligence Council,National Intelligence Council,"[""University of Indiana""]","[""University of Indiana""]",035.pdf,doc_d523ef1661749be1
European Strategy and Policy Analysis System (ESPAS),European Strategy and Policy Analysis System (ESPAS),"[""European Parliament"", ""General Secretariat of the Council of the EU"", ""European Commission"", ""European External Action Service"", ""European Economic and Social Committee"", ""European Committee of the Regions"", ""European Court of Auditors"", ""European Investment Bank"", ""European Union Institute for Security Studies""]","[""European Parliament"", ""General Secretariat of the Council of the EU"", ""European Commission"", ""European External Action Service"", ""European Economic and Social Committee"", ""European Committee of the Regions"", ""European Court of Auditors"", ""European Investment Bank"", ""European Union Institute for Security Studies""]",036.pdf,doc_0881f891c17efa0d
OECD,OECD,"[""French Presidency of the Council of the European Union"", ""Regional Development Policy Committee (RDPC)"", ""Agence Nationale de la Cohésion des Territoires (ANCT)""]","[""French Presidency of the Council of the European Union"", ""Regional Development Policy Committee (RDPC)"", ""Agence Nationale de la Cohésion des Territoires (ANCT)""]",037.pdf,doc_87c2f944565dc6ef
Instituto de Pesquisa Econômica Aplicada (Ipea),Instituto de Pesquisa Econômica Aplicada (Ipea),"[""Secretaria de Assuntos Estratégicos da Presidência da República""]","[""Secretaria de Assuntos Estratégicos da Presidência da República""]",038.pdf,doc_5be1150dd3b0c6ef
EX ANTE CONSULTORIA ECONÔMICA,EX ANTE CONSULTORIA ECONÔMICA,[],[],039.pdf,doc_2b8ee33b52573eab
Ministério de Minas e Energia (MME),Ministério de Minas e Energia (MME),"[""Companhia de Pesquisa de Recursos Minerais (CPRM)"", ""Departamento Nacional de Produção Mineral (DNPM)"", ""Centro de Tecnologia Mineral (CETEM)"", ""Secretaria de Assuntos Estratégicos da Presidência da República (SAE/PR)"", ""Vale S/A"", ""Universidade de São Paulo (USP)"", ""Secretaria da Comissão Interministerial para os Recursos do Mar (SECIRM)"", ""Minerais do Paraná S.A. (MINEROPAR)"", ""Agência para o Desenvolvimento Tecnológico da Indústria Mineral Brasileira (ADIMB)"", ""Ministério da Ciência e Tecnologia (MCT)"", ""Secretaria de Desenvolvimento Tecnológico e Inovação (SETEC)"", ""Departamento de Recursos Minerais do Rio de Janeiro (DRM-RJ)"", ""Associação Brasileira das Empresas de Mineração (ABEMIN)"", ""Universidade Federal de Pernambuco (UFPE)"", ""MBAC Fertilizantes"", ""Instituto Brasileiro de Mineração (IBRAM)"", ""Conselho Nacional de Desenvolvimento Tecnológico (CONDET)"", ""Associação Nacional dos Produtores de Agregados para Construção (ANGPAC)"", ""Associação Paulista das Cerâmicas de Revestimento (ASPACER)"", ""Ministério do Desenvolvimento, Indústria e Comércio Exterior (MDIC)"", ""Secretaria de Desenvolvimento da Produção (SDP)"", ""Instituto Tecnológico Vale (ITV)"", ""Companhia de Desenvolvimento Industrial e de Recursos Minerais de Sergipe (CODISE-SE)"", ""Secretaria de Planejamento e Investimentos (SPI)"", ""Ministério do Planejamento, Orçamento e Gestão (MPOG)"", ""Secretaria de Geologia, Mineração e Recursos Hídricos do Governo do Amazonas (SEGEORH/Gov. AM)"", ""Secretaria de Estado de Minas e Energia do Maranhão (SEME-MA)"", ""Agência de Desenvolvimento do Estado do Ceará (ADECE)"", ""Companhia de Desenvolvimento de Recursos Minerais da Paraíba (CDRM/PB)"", ""Instituto de Desenvolvimento do Piauí (IDEPI/PI)"", ""Fundação de Apoio à Pesquisa Mineral de Goiás (Funmineral-GO)"", ""Secretaria de Estado de Desenvolvimento Econômico de Minas Gerais (SEDE-MG)"", ""Companhia Baiana de Pesquisa Mineral (CBPM-BA)"", ""Instituto Geológico de São Paulo"", ""Ministério do Meio Ambiente (MMA)"", ""Serviço Florestal Brasileiro (SFB)"", ""Departamento de Áreas Protegidas (DAP)"", ""Instituto Brasileiro do Meio Ambiente e dos Recursos Naturais Renováveis (IBAMA)"", ""Instituto Chico Mendes de Conservação da Biodiversidade (ICMBio)"", ""Instituto Estadual de Meio Ambiente e Recursos Hídricos do Espírito Santo (IEMA/ES)"", ""Procuradoria Federal Especializada junto ao ICMBio (PFE/ICMBio)"", ""Universidade Federal do Pará (UFPA)"", ""Associação Paraense de Geólogos e Engenheiros de Minas (APGAM/PA)"", ""Ministério do Desenvolvimento Social e Combate à Fome (MDS)"", ""Associação Brasileira dos Produtores de Minerais Industriais (APROMIN)"", ""Associação Brasileira do Alumínio (ABAL)"", ""Escola Politécnica da Universidade de São Paulo (EPUSP)"", ""PROGEN Engenharia"", ""Secretaria de Comércio Exterior (SECEX)"", ""Instituto Brasileiro de Desenvolvimento e Sustentabilidade (IABS)"", ""Associação Brasileira de Metalurgia, Materiais e Mineração (ABM)"", ""Secretaria de Planejamento e Desenvolvimento Energético (SPE)"", ""Departamento de Planejamento Energético (DPE)"", ""Pontifícia Universidade Católica do Rio de Janeiro (PUC-Rio)"", ""Confederação Nacional da Indústria (CNI)"", ""Conselho Empresarial de Meio Ambiente (CEM)"", ""Banco Nacional de Desenvolvimento Econômico e Social (BNDES)"", ""Associação Brasileira de Cerâmica (ABC)"", ""Associação Nacional dos Fabricantes de Cerâmica para Revestimentos (ANFACER)"", ""Federação das Indústrias do Estado de Goiás (FIEG-GO)"", ""Universidade da Amazônia (UNAMA)"", ""Associação Nacional da Indústria de Cerâmica (ANICER)"", ""Associação Nacional das Empresas Produtoras de Agregados para Construção (ANEPAC)"", ""Instituto Aço Brasil (IABr)"", ""Universidade Federal de Minas Gerais (UFMG)"", ""Centro de Desenvolvimento Sustentável da Universidade de Brasília (CDS/UnB)"", ""Rio Tinto Group"", ""Sindicato dos Trabalhadores na Indústria da Mineração (SIND. METABASE)"", ""Associação Brasileira da Indústria de Rochas Ornamentais (ABIROCHAS)"", ""Federação das Indústrias do Estado da Bahia (FIEBA)""]","[""Companhia de Pesquisa de Recursos Minerais (CPRM)"", ""Departamento Nacional de Produção Mineral (DNPM)"", ""Centro de Tecnologia Mineral (CETEM)"", ""Secretaria de Assuntos Estratégicos da Presidência da República (SAE/PR)"", ""Vale S/A"", ""Universidade de São Paulo (USP)"", ""Secretaria da Comissão Interministerial para os Recursos do Mar (SECIRM)"", ""Minerais do Paraná S.A. (MINEROPAR)"", ""Agência para o Desenvolvimento Tecnológico da Indústria Mineral Brasileira (ADIMB)"", ""Ministério da Ciência e Tecnologia (MCT)"", ""Secretaria de Desenvolvimento Tecnológico e Inovação (SETEC)"", ""Departamento de Recursos Minerais do Rio de Janeiro (DRM-RJ)"", ""Associação Brasileira das Empresas de Mineração (ABEMIN)"", ""Universidade Federal de Pernambuco (UFPE)"", ""MBAC Fertilizantes"", ""Instituto Brasileiro de Mineração (IBRAM)"", ""Conselho Nacional de Desenvolvimento Tecnológico (CONDET)"", ""Associação Nacional dos Produtores de Agregados para Construção (ANGPAC)"", ""Associação Paulista das Cerâmicas de Revestimento (ASPACER)"", ""Ministério do Desenvolvimento, Indústria e Comércio Exterior (MDIC)"", ""Secretaria de Desenvolvimento da Produção (SDP)"", ""Instituto Tecnológico Vale (ITV)"", ""Companhia de Desenvolvimento Industrial e de Recursos Minerais de Sergipe (CODISE-SE)"", ""Secretaria de Planejamento e Investimentos (SPI)"", ""Ministério do Planejamento, Orçamento e Gestão (MPOG)"", ""Secretaria de Geologia, Mineração e Recursos Hídricos do Governo do Amazonas (SEGEORH/Gov. AM)"", ""Secretaria de Estado de Minas e Energia do Maranhão (SEME-MA)"", ""Agência de Desenvolvimento do Estado do Ceará (ADECE)"", ""Companhia de Desenvolvimento de Recursos Minerais da Paraíba (CDRM/PB)"", ""Instituto de Desenvolvimento do Piauí (IDEPI/PI)"", ""Fundação de Apoio à Pesquisa Mineral de Goiás (Funmineral-GO)"", ""Secretaria de Estado de Desenvolvimento Econômico de Minas Gerais (SEDE-MG)"", ""Companhia Baiana de Pesquisa Mineral (CBPM-BA)"", ""Instituto Geológico de São Paulo"", ""Ministério do Meio Ambiente (MMA)"", ""Serviço Florestal Brasileiro (SFB)"", ""Departamento de Áreas Protegidas (DAP)"", ""Instituto Brasileiro do Meio Ambiente e dos Recursos Naturais Renováveis (IBAMA)"", ""Instituto Chico Mendes de Conservação da Biodiversidade (ICMBio)"", ""Instituto Estadual de Meio Ambiente e Recursos Hídricos do Espírito Santo (IEMA/ES)"", ""Procuradoria Federal Especializada junto ao ICMBio (PFE/ICMBio)"", ""Universidade Federal do Pará (UFPA)"", ""Associação Paraense de Geólogos e Engenheiros de Minas (APGAM/PA)"", ""Ministério do Desenvolvimento Social e Combate à Fome (MDS)"", ""Associação Brasileira dos Produtores de Minerais Industriais (APROMIN)"", ""Associação Brasileira do Alumínio (ABAL)"", ""Escola Politécnica da Universidade de São Paulo (EPUSP)"", ""PROGEN Engenharia"", ""Secretaria de Comércio Exterior (SECEX)"", ""Instituto Brasileiro de Desenvolvimento e Sustentabilidade (IABS)"", ""Associação Brasileira de Metalurgia, Materiais e Mineração (ABM)"", ""Secretaria de Planejamento e Desenvolvimento Energético (SPE)"", ""Departamento de Planejamento Energético (DPE)"", ""Pontifícia Universidade Católica do Rio de Janeiro (PUC-Rio)"", ""Confederação Nacional da Indústria (CNI)"", ""Conselho Empresarial de Meio Ambiente (CEM)"", ""Banco Nacional de Desenvolvimento Econômico e Social (BNDES)"", ""Associação Brasileira de Cerâmica (ABC)"", ""Associação Nacional dos Fabricantes de Cerâmica para Revestimentos (ANFACER)"", ""Federação das Indústrias do Estado de Goiás (FIEG-GO)"", ""Universidade da Amazônia (UNAMA)"", ""Associação Nacional da Indústria de Cerâmica (ANICER)"", ""Associação Nacional das Empresas Produtoras de Agregados para Construção (ANEPAC)"", ""Instituto Aço Brasil (IABr)"", ""Universidade Federal de Minas Gerais (UFMG)"", ""Centro de Desenvolvimento Sustentável da Universidade de Brasília (CDS/UnB)"", ""Rio Tinto Group"", ""Sindicato dos Trabalhadores na Indústria da Mineração (SIND. METABASE)"", ""Associação Brasileira da Indústria de Rochas Ornamentais (ABIROCHAS)"", ""Federação das Indústrias do Estado da Bahia (FIEBA)""]",040.pdf,doc_f25a9a5e52e6b275
Centro Brasileiro de Relações Internacionais (CEBRI),Centro Brasileiro de Relações Internacionais (CEBRI),"[""Banco Interamericano de Desenvolvimento (BID)"", ""Empresa de Pesquisa Energética (EPE)"", ""Centro de Economia Energética e Ambiental (Cenergia)"", ""Siemens Energy""]","[""Banco Interamericano de Desenvolvimento (BID)"", ""Empresa de Pesquisa Energética (EPE)"", ""Centro de Economia Energética e Ambiental (Cenergia)"", ""Siemens Energy""]",041.pdf,doc_249f09c79e7fb979
Grupo de Economia do Setor Público IE-UFRJ,Grupo de Economia do Setor Público IE-UFRJ,"[""Associação Brasileira de Economia da Saúde (ABrES)""]","[""Associação Brasileira de Economia da Saúde (ABrES)""]",042.pdf,doc_bb3e79800311defd
Grupo Banco Mundial,Grupo Banco Mundial,"[""Banco Interamericano de Desenvolvimento"", ""Insper"", ""Instituto McKenzie Brasília"", ""FGV"", ""Chapman University"", ""USP"", ""PNUD""]","[""Banco Interamericano de Desenvolvimento"", ""Insper"", ""Instituto McKenzie Brasília"", ""FGV"", ""Chapman University"", ""USP"", ""PNUD""]",043.pdf,doc_7f65fd044074a298
Instituto de Pesquisa Econômica Aplicada e Associação Nacional dos Servidores da Carreira de Planejamento e Orçamento,Instituto de Pesquisa Econômica Aplicada e Associação Nacional dos Servidores da Carreira de Planejamento e Orçamento,[],[],044.pdf,doc_87497e04c084d6b3
Instituto de Pesquisa Econômica Aplicada (Ipea),Instituto de Pesquisa Econômica Aplicada (Ipea),[],[],045.pdf,doc_e0c1740150eab95a
Organisation for Economic Co-operation and Development,Organisation for Economic Co-operation and Development,"[""Deutsche Gesellschaft für Internationale Zusammenarbeit GmbH (GIZ - German Development Cooperation)""]","[""Deutsche Gesellschaft für Internationale Zusammenarbeit GmbH (GIZ - German Development Cooperation)""]",046.pdf,doc_02f4cfa6b83b84de
Banco Nacional de Desenvolvimento Econômico e Social (BNDES),Banco Nacional de Desenvolvimento Econômico e Social (BNDES),[],[],047.pdf,doc_88b4cb0e734fe953
Governo do Estado de Pernambuco,Governo do Estado de Pernambuco,"[""MBC-Movimento Brasil Competitivo"", ""MACROPLAN | Prospectiva, Estratégia & Gestão"", ""CEPLAN | Consultoria Econômica e Planejamento"", ""TGI | Consultoria em Gestão"", ""Setor privado""]","[""MBC-Movimento Brasil Competitivo"", ""MACROPLAN | Prospectiva, Estratégia & Gestão"", ""CEPLAN | Consultoria Econômica e Planejamento"", ""TGI | Consultoria em Gestão"", ""Setor privado""]",048.pdf,doc_94ab85f86f3b1651
"Ministério dos Transportes, Portos e Aviação Civil","Ministério dos Transportes, Portos e Aviação Civil",[],[],049.pdf,doc_d4afc8219b4e57c3
Ministério de Minas e Energia (MME),Ministério de Minas e Energia (MME),"[""Ministério de Minas e Energia (MME)"", ""Secretaria Nacional de Geologia, Mineração e Transformação Mineral (SNGM)"", ""Agência Nacional de Mineração (ANM)"", ""Serviço Geológico do Brasil (SGB-CPRM)"", ""IPEA""]","[""Ministério de Minas e Energia (MME)"", ""Secretaria Nacional de Geologia, Mineração e Transformação Mineral (SNGM)"", ""Agência Nacional de Mineração (ANM)"", ""Serviço Geológico do Brasil (SGB-CPRM)"", ""IPEA""]",050.pdf,doc_65126f737250b846
Marsh McLennan,Marsh McLennan,[],[],051.pdf,doc_40fe95addf892ff4
Coordenação do Programa FAPESP de Pesquisa sobre Mudanças Climáticas Globais,Coordenação do Programa FAPESP de Pesquisa sobre Mudanças Climáticas Globais,"[""Belmont Forum"", ""UNEP"", ""GEO"", ""Gates Foundation"", ""IAI"", ""IPCC"", ""IPBES"", ""COPs (Conference of the Parties da Convenção-Quadro das Nações Unidas sobre as Alterações Climáticas)"", ""ONU Brasil"", ""OMS"", ""MCTIC"", ""MMA"", ""Setor privado"", ""Terceiro setor (ONGs)"", ""Sociedade civil organizada""]","[""Belmont Forum"", ""UNEP"", ""GEO"", ""Gates Foundation"", ""IAI"", ""IPCC"", ""IPBES"", ""COPs (Conference of the Parties da Convenção-Quadro das Nações Unidas sobre as Alterações Climáticas)"", ""ONU Brasil"", ""OMS"", ""MCTIC"", ""MMA"", ""Setor privado"", ""Terceiro setor (ONGs)"", ""Sociedade civil organizada""]",052.pdf,doc_d86685b51c9f0492
Assembleia Legislativa do Estado de Sergipe,Assembleia Legislativa do Estado de Sergipe,"[""Fundação Dom Cabral""]","[""Fundação Dom Cabral""]",053.pdf,doc_107ffeac5fc91248
MINISTÉRIO DA INTEGRAÇÃO NACIONAL,MINISTÉRIO DA INTEGRAÇÃO NACIONAL,"[""GOVERNO DO ESTADO DE RONDÔNIA"", ""IICA"", ""CON&SEA LTDA"", ""BANCO DA AMAZÔNIA"", ""BANCO DO BRASIL"", ""CAIXA ECONÔMICA FEDERAL"", ""INCRA"", ""CEPLAC"", ""ELETROBRÁS/ELETRONORTE"", ""CONAB"", ""IFRO"", ""UNIR – CAMPUS JI-PARANÁ"", ""FECOMÉRCIO"", ""SEBRAE"", ""ASSOCIAÇÃO KANINDÉ"", ""ATT/TCMM/RAMH"", ""FUNDAÇÃO JI-CRED"", ""VALE DO GUAPORÉ - ECOVALE""]","[""GOVERNO DO ESTADO DE RONDÔNIA"", ""IICA"", ""CON&SEA LTDA"", ""BANCO DA AMAZÔNIA"", ""BANCO DO BRASIL"", ""CAIXA ECONÔMICA FEDERAL"", ""INCRA"", ""CEPLAC"", ""ELETROBRÁS/ELETRONORTE"", ""CONAB"", ""IFRO"", ""UNIR – CAMPUS JI-PARANÁ"", ""FECOMÉRCIO"", ""SEBRAE"", ""ASSOCIAÇÃO KANINDÉ"", ""ATT/TCMM/RAMH"", ""FUNDAÇÃO JI-CRED"", ""VALE DO GUAPORÉ - ECOVALE""]",054.pdf,doc_543497aae7e2ed2e
GOVERNO DO ESTADO DA BAHIA,GOVERNO DO ESTADO DA BAHIA,"[""Secretaria do Planejamento (SEPLAN)"", ""Secretaria de Desenvolvimento Econômico (SDE)"", ""Conselho de Desenvolvimento Econômico e Social da Bahia (CODES)""]","[""Secretaria do Planejamento (SEPLAN)"", ""Secretaria de Desenvolvimento Econômico (SDE)"", ""Conselho de Desenvolvimento Econômico e Social da Bahia (CODES)""]",055.pdf,doc_21284b658826eef4
,,[],[],056.pdf,doc_bfe3afed9550c199
Ministério de Minas e Energia (MME); Empresa de Pesquisa Energética (EPE),Ministério de Minas e Energia (MME); Empresa de Pesquisa Energética (EPE),"[""Congresso Nacional""]","[""Congresso Nacional""]",057.pdf,doc_6eb7ceae17e09267
"Secretaria da Igualdade, Cidadania, Direitos Humanos e Assistência Social","Secretaria da Igualdade, Cidadania, Direitos Humanos e Assistência Social","[""Fundação de Atendimento Socioeducativo do Rio Grande do Sul"", ""Fundação de Proteção Especial"", ""Secretaria da Educação"", ""Secretaria da Saúde"", ""Secretaria de Obras e Habitação"", ""Conselho Estadual dos Direitos da Criança e do Adolescente"", ""Conselho Estadual de Assistência Social"", ""Conselho Estadual de Educação"", ""Conselho Estadual dos Direitos da Pessoa com Deficiência"", ""Ministério Público do Estado do Rio Grande do Sul"", ""Poder Judiciário do Estado do Rio Grande do Sul"", ""Assembleia Legislativa do Estado do Rio Grande do Sul"", ""Ordem dos Advogados do Brasil - Seccional do Estado do Rio Grande do Sul"", ""Associação dos Conselhos Tutelares do Rio Grande do Sul – ACONTURS"", ""Defensoria Pública do Estado do Rio Grande do Sul"", ""Fórum Estadual das Entidades em Defesa dos Direitos da Criança e do Adolescente – Fórum DCA"", ""Fundação de Articulação e Desenvolvimento de Políticas Públicas para Pessoas com Deficiência e Altas Habilidades no Rio Grande do Sul"", ""Secretaria de Planejamento, Orçamento e Gestão"", ""Secretaria de Planejamento, Governança e Gestão""]","[""Fundação de Atendimento Socioeducativo do Rio Grande do Sul"", ""Fundação de Proteção Especial"", ""Secretaria da Educação"", ""Secretaria da Saúde"", ""Secretaria de Obras e Habitação"", ""Conselho Estadual dos Direitos da Criança e do Adolescente"", ""Conselho Estadual de Assistência Social"", ""Conselho Estadual de Educação"", ""Conselho Estadual dos Direitos da Pessoa com Deficiência"", ""Ministério Público do Estado do Rio Grande do Sul"", ""Poder Judiciário do Estado do Rio Grande do Sul"", ""Assembleia Legislativa do Estado do Rio Grande do Sul"", ""Ordem dos Advogados do Brasil - Seccional do Estado do Rio Grande do Sul"", ""Associação dos Conselhos Tutelares do Rio Grande do Sul – ACONTURS"", ""Defensoria Pública do Estado do Rio Grande do Sul"", ""Fórum Estadual das Entidades em Defesa dos Direitos da Criança e do Adolescente – Fórum DCA"", ""Fundação de Articulação e Desenvolvimento de Políticas Públicas para Pessoas com Deficiência e Altas Habilidades no Rio Grande do Sul"", ""Secretaria de Planejamento, Orçamento e Gestão"", ""Secretaria de Planejamento, Governança e Gestão""]",058.pdf,doc_9f3a134a7383d52e
Ministério de Minas e Energia,Ministério de Minas e Energia,"[""Empresa de Pesquisa Energética – EPE"", ""CEPEL""]","[""Empresa de Pesquisa Energética – EPE"", ""CEPEL""]",059.pdf,doc_77787d9fdbe0db93
Empresa de Pesquisa Energética - EPE,Empresa de Pesquisa Energética - EPE,"[""Ministério de Minas e Energia - MME""]","[""Ministério de Minas e Energia - MME""]",060.pdf,doc_b1aa507527e75c3c
,,[],[],061.pdf,doc_770bac0fd41a8219
Secretaria de Estado de Planejamento e Gestão,Secretaria de Estado de Planejamento e Gestão,[],[],062.pdf,doc_d491d58a55fd7ca7
Governo do Estado do Maranhão,Governo do Estado do Maranhão,"[""Assessoria de Comunicação da SEPLAN"", ""Assessoria Jurídica da SEPLAN"", ""Secretaria de Estado da Fazenda"", ""MACROPLAN""]","[""Assessoria de Comunicação da SEPLAN"", ""Assessoria Jurídica da SEPLAN"", ""Secretaria de Estado da Fazenda"", ""MACROPLAN""]",063.pdf,doc_802bcf589341f34f
Governo do Distrito Federal,Governo do Distrito Federal,"[""Instituto de Pesquisa e Estatística do Distrito Federal - IPEDF/CODEPLAN"", ""Banco de Brasília S/A"", ""Instituto Brasileiro de Informação em Ciência e Tecnologia (IBICT)"", ""Conselho de Desenvolvimento Econômico Sustentável e Estratégico do Distrito Federal (CODESE/DF)""]","[""Instituto de Pesquisa e Estatística do Distrito Federal - IPEDF/CODEPLAN"", ""Banco de Brasília S/A"", ""Instituto Brasileiro de Informação em Ciência e Tecnologia (IBICT)"", ""Conselho de Desenvolvimento Econômico Sustentável e Estratégico do Distrito Federal (CODESE/DF)""]",064.pdf,doc_77967d1c8364362b
Macrossetor Indústria da CUT,Macrossetor Indústria da CUT,"[""SENAI"", ""Banco do Brasil"", ""Caixa Econômica Federal"", ""Banco de Desenvolvimento do Nordeste"", ""Banco Regional de Desenvolvimento do Extremo Sul"", ""BNDES"", ""Eletrobrás"", ""Petrobrás""]","[""SENAI"", ""Banco do Brasil"", ""Caixa Econômica Federal"", ""Banco de Desenvolvimento do Nordeste"", ""Banco Regional de Desenvolvimento do Extremo Sul"", ""BNDES"", ""Eletrobrás"", ""Petrobrás""]",065.pdf,doc_4b9c3ee8f5c8c4a3
Ministério da Agricultura e Pecuária (Mapa),Ministério da Agricultura e Pecuária (Mapa),"[""Comissão Executiva do Plano da Lavoura Cacaueira (Ceplac)"", ""CocoaAction Brasil""]","[""Comissão Executiva do Plano da Lavoura Cacaueira (Ceplac)"", ""CocoaAction Brasil""]",066.pdf,doc_55e923e31d17a26d
Comitê Interministerial de Planejamento da Infraestrutura (CIP-INFRA),Comitê Interministerial de Planejamento da Infraestrutura (CIP-INFRA),"[""Casa Civil da Presidência da República"", ""Ministério da Economia"", ""Ministério da Infraestrutura"", ""Ministério de Minas e Energia"", ""Ministério das Comunicações"", ""Ministério da Ciência, Tecnologia e Inovações"", ""Ministério do Meio Ambiente"", ""Ministério do Desenvolvimento Regional"", ""Controladoria-Geral da União"", ""Secretaria Especial de Assuntos Estratégicos da Presidência da República"", ""Instituto de Pesquisa Econômica Aplicada – IPEA"", ""Banco Nacional de Desenvolvimento Econômico e Social - BNDES"", ""Empresa de Planejamento e Logística - EPL"", ""Agência Nacional de Telecomunicações – ANATEL"", ""Instituto Nacional de Pesquisas Espaciais - INPE""]","[""Casa Civil da Presidência da República"", ""Ministério da Economia"", ""Ministério da Infraestrutura"", ""Ministério de Minas e Energia"", ""Ministério das Comunicações"", ""Ministério da Ciência, Tecnologia e Inovações"", ""Ministério do Meio Ambiente"", ""Ministério do Desenvolvimento Regional"", ""Controladoria-Geral da União"", ""Secretaria Especial de Assuntos Estratégicos da Presidência da República"", ""Instituto de Pesquisa Econômica Aplicada – IPEA"", ""Banco Nacional de Desenvolvimento Econômico e Social - BNDES"", ""Empresa de Planejamento e Logística - EPL"", ""Agência Nacional de Telecomunicações – ANATEL"", ""Instituto Nacional de Pesquisas Espaciais - INPE""]",067.pdf,doc_89cacd2527cbd1ae
Secretaria de Estado de Planejamento e Gestão e Fundação João Pinheiro,Secretaria de Estado de Planejamento e Gestão e Fundação João Pinheiro,"[""Subsecretaria de Gestão Estratégica"", ""Assessoria Técnica da Presidência da Fundação João Pinheiro"", ""Subsecretaria de Comunicação Social"", ""Assessoria de Comunicação / Seplag"", ""Conselho de Desenvolvimento Econômico Social"", ""Polícia Militar"", ""Corpo de Bombeiros"", ""Gabinete Militar do Governador"", ""Polícia Civil"", ""Advocacia Geral do Estado"", ""Controladoria Geral do Estado"", ""Ouvidoria Geral do Estado"", ""Universidade do Estado de Minas Gerais - UEMG"", ""Banco de Desenvolvimento de Minas Gerais - BDMG"", ""Companhia Energética de Minas Gerais - Cemig"", ""Empresa de Assistência Técnica e Extensão Rural do Estado de Minas Gerais - EMATER - SA"", ""Fundação Estadual do Meio Ambiente - FEAM"", ""Companhia de Desenvolvimento Econômico de Minas Gerais - CODEMIG"", ""Instituto de Desenvolvimento Integrado de Minas Gerais - INDI"", ""Fundação de Amparo à Pesquisa do Estado de Minas Gerais - Fapemig"", ""Assembleia Legislativa do Estado de Minas Gerais"", ""Universidade Federal de Minas Gerais"", ""Associação Mineira de Municípios – AMM"", ""Federação das Indústrias do Estado de Minas Gerais - FIEMG"", ""Federação da Agricultura e Pecuária do Estado de Minas Gerais - FAEMG"", ""Associação Comercial e Empresarial de Minas – ACMinas"", ""Federação das Associações Comerciais e Empresariais de Minas Gerais – Federaminas"", ""Centro Industrial e Empresarial de Minas Gerais - CIEMG"", ""Câmara de Dirigentes Lojistas de Belo Horizonte - CDL"", ""Federação dos Trabalhadores na Agricultura do Estado de Minas Gerais – Fetaemg"", ""Coordenação Intersindical dos Trabalhadores no Serviço Público Estadual de Minas Gerais - ASSIMA"", ""Federação das Empresas de Transporte de Carga do Estado de Minas Gerais – FETCEMG"", ""Federação das Empresas de Transporte de Passageiros do Estado de Minas Gerais – FETRAM"", ""Organização das Cooperativas do Estado de Minas Gerais – OCEMG"", ""Serviço de Apoio às Micro e Pequenas Empresas de Minas Gerais - SEBRAE-MG"", ""Sindicato dos Trabalhadores no Serviço Público de Minas Gerais"", ""CUT – Central Única dos Trabalhadores"", ""UGT – União Geral dos Trabalhadores"", ""NCST – Nova Central Sindical dos Trabalhadores""]","[""Subsecretaria de Gestão Estratégica"", ""Assessoria Técnica da Presidência da Fundação João Pinheiro"", ""Subsecretaria de Comunicação Social"", ""Assessoria de Comunicação / Seplag"", ""Conselho de Desenvolvimento Econômico Social"", ""Polícia Militar"", ""Corpo de Bombeiros"", ""Gabinete Militar do Governador"", ""Polícia Civil"", ""Advocacia Geral do Estado"", ""Controladoria Geral do Estado"", ""Ouvidoria Geral do Estado"", ""Universidade do Estado de Minas Gerais - UEMG"", ""Banco de Desenvolvimento de Minas Gerais - BDMG"", ""Companhia Energética de Minas Gerais - Cemig"", ""Empresa de Assistência Técnica e Extensão Rural do Estado de Minas Gerais - EMATER - SA"", ""Fundação Estadual do Meio Ambiente - FEAM"", ""Companhia de Desenvolvimento Econômico de Minas Gerais - CODEMIG"", ""Instituto de Desenvolvimento Integrado de Minas Gerais - INDI"", ""Fundação de Amparo à Pesquisa do Estado de Minas Gerais - Fapemig"", ""Assembleia Legislativa do Estado de Minas Gerais"", ""Universidade Federal de Minas Gerais"", ""Associação Mineira de Municípios – AMM"", ""Federação das Indústrias do Estado de Minas Gerais - FIEMG"", ""Federação da Agricultura e Pecuária do Estado de Minas Gerais - FAEMG"", ""Associação Comercial e Empresarial de Minas – ACMinas"", ""Federação das Associações Comerciais e Empresariais de Minas Gerais – Federaminas"", ""Centro Industrial e Empresarial de Minas Gerais - CIEMG"", ""Câmara de Dirigentes Lojistas de Belo Horizonte - CDL"", ""Federação dos Trabalhadores na Agricultura do Estado de Minas Gerais – Fetaemg"", ""Coordenação Intersindical dos Trabalhadores no Serviço Público Estadual de Minas Gerais - ASSIMA"", ""Federação das Empresas de Transporte de Carga do Estado de Minas Gerais – FETCEMG"", ""Federação das Empresas de Transporte de Passageiros do Estado de Minas Gerais – FETRAM"", ""Organização das Cooperativas do Estado de Minas Gerais – OCEMG"", ""Serviço de Apoio às Micro e Pequenas Empresas de Minas Gerais - SEBRAE-MG"", ""Sindicato dos Trabalhadores no Serviço Público de Minas Gerais"", ""CUT – Central Única dos Trabalhadores"", ""UGT – União Geral dos Trabalhadores"", ""NCST – Nova Central Sindical dos Trabalhadores""]",068.pdf,doc_f55ee42f586c0e21
Fórum Nacional de Educação (FNE),Fórum Nacional de Educação (FNE),"[""PRESIDÊNCIA DA REPÚBLICA"", ""MINISTÉRIO DA EDUCAÇÃO"", ""SECRETARIA EXECUTIVA"", ""SECRETARIA EXECUTIVA ADJUNTA"", ""Associação Brasileira de Alfabetização (ABAlf)"", ""Associação Brasileira das Universidades Comunitárias de Educação Superior (Abruc)"", ""Associação Nacional dos Dirigentes das Instituições Federais de Ensino Superior (Andifes)"", ""Associação Nacional de Pesquisa em Financiamento da Educação (Fineduca)"", ""Associação Nacional de Política e Administração da Educação (Anpae)"", ""Associação Nacional de Pós-Graduandos (ANPG)"", ""Associação Nacional de Pós-Graduação e Pesquisa em Educação (Anped)"", ""Centro de Estudos Educação & Sociedade (Cedes)"", ""Comissão de Educação da Câmara dos Deputados"", ""Comissão de Educação e Cultura do Senado Federal"", ""Confederação Nacional de Pais de Alunos (Confenapais)"", ""Confederação Nacional dos Trabalhadores em Educação (CNTE)"", ""Confederação Nacional dos Trabalhadores em Estabelecimentos de Ensino (Contee)"", ""Conselho Nacional de Educação (CNE)"", ""Conselho Nacional das Instituições da Rede Federal de Educação Profissional, Científica e Tecnológica (Conif)"", ""Conselho Nacional de Secretários de Educação (Consed)"", ""Coordenação de Aperfeiçoamento de Pessoal de Nível Superior (Capes)"", ""Federação de Sindicatos de Professores e Professoras de Instituições Federais de Ensino Superior e de Ensino Básico Técnico e Tecnológico (Proifes)"", ""Federação de Sindicatos de Trabalhadores de Universidades Brasileiras (Fasubra)"", ""Fórum Nacional dos Conselhos Estaduais e Distrital de Educação (Foncede)"", ""Fórum Nacional de Diretores de Faculdades, Centros, Departamentos de Educação ou Equivalentes das Universidades Públicas Brasileiras (ForumDir)"", ""Fóruns de Educação de Jovens e Adultos do Brasil (Fóruns EJA Brasil)"", ""Instituto Nacional de Estudos e Pesquisas Educacionais Anísio Teixeira (Inep)"", ""Movimento Interfóruns da Educação Infantil do Brasil (Mieib)"", ""Secretaria de Articulação Intersetorial e com os Sistemas de Ensino (Sase)"", ""Secretaria de Educação Básica (SEB)"", ""Secretaria de Educação Continuada, Alfabetização de Jovens e Adultos, Diversidade e Inclusão (Secadi)"", ""Secretaria de Educação Profissional e Tecnológica (Setec)"", ""Secretaria de Educação Superior (SESu)"", ""Secretaria de Regulação e Supervisão da Educação Superior (SERES)"", ""Sociedade Brasileira para o Progresso da Ciência (SBPC)"", ""União Brasileira dos Estudantes Secundaristas (Ubes)"", ""União Nacional dos Conselhos Municipais de Educação (Uncme)"", ""União Nacional dos Dirigentes Municipais de Educação (Undime)"", ""União Nacional dos Estudantes (UNE)"", ""Conselho de Reitores das Universidades Brasileiras (Crub)"", ""Associação Brasileira dos Reitores das Universidades Estaduais e Municipais (Abruem)"", ""Central Única dos Trabalhadores (CUT)"", ""União Geral dos Trabalhadores (UGT)"", ""Confederação Nacional da Indústria (CNI)"", ""Confederação Nacional do Comércio (CNC)"", ""Campanha Nacional pelo Direito à Educação"", ""Movimento Todos Pela Educação"", ""Comissão Nacional de Educação Escolar Indígena (CNEEI)"", ""Fórum Nacional de Educação Escolar Indígena (FNCEEI)"", ""Comissão Técnica Nacional de Diversidade para Assuntos Relacionados à Educação dos Afro-Brasileiros (Cadara)"", ""Centro de Estudo das Relações do Trabalho e Desigualdades (Ceert)"", ""Confederação Nacional dos Trabalhadores na Agricultura (Contag)"", ""Movimento dos Trabalhadores Rurais Sem Terra (MST)"", ""Associação Brasileira de Lésbicas, Gays, Bissexuais, Travestis, Transexuais e Intersexos (ABGLT)"", ""União Brasileira de Mulheres (UBM)"", ""Associação Nacional das Universidades Particulares (Anup)"", ""Associação Brasileira de Educação a Distância (Abed)"", ""Confederação Nacional dos Estabelecimentos de Ensino (Confenem)"", ""Associação Brasileira de Mantenedoras de Ensino Superior (ABMES)"", ""Associação Nacional de História (Anpuh)"", ""Associação Brasileira de Ensino de Ciências Sociais (Abecs)"", ""Associação Nacional pela Formação de Profissionais da Educação (Anfope)"", ""Fórum Nacional dos Coordenadores Institucionais do Programa Institucional de Bolsa de Iniciação à Docência e Residência Pedagógica (Forpibid-RP)"", ""Associação Nacional de Educação Católica do Brasil (Anec)"", ""Associação Brasileira de Instituições Educacionais Evangélicas (Abiee)""]","[""PRESIDÊNCIA DA REPÚBLICA"", ""MINISTÉRIO DA EDUCAÇÃO"", ""SECRETARIA EXECUTIVA"", ""SECRETARIA EXECUTIVA ADJUNTA"", ""Associação Brasileira de Alfabetização (ABAlf)"", ""Associação Brasileira das Universidades Comunitárias de Educação Superior (Abruc)"", ""Associação Nacional dos Dirigentes das Instituições Federais de Ensino Superior (Andifes)"", ""Associação Nacional de Pesquisa em Financiamento da Educação (Fineduca)"", ""Associação Nacional de Política e Administração da Educação (Anpae)"", ""Associação Nacional de Pós-Graduandos (ANPG)"", ""Associação Nacional de Pós-Graduação e Pesquisa em Educação (Anped)"", ""Centro de Estudos Educação & Sociedade (Cedes)"", ""Comissão de Educação da Câmara dos Deputados"", ""Comissão de Educação e Cultura do Senado Federal"", ""Confederação Nacional de Pais de Alunos (Confenapais)"", ""Confederação Nacional dos Trabalhadores em Educação (CNTE)"", ""Confederação Nacional dos Trabalhadores em Estabelecimentos de Ensino (Contee)"", ""Conselho Nacional de Educação (CNE)"", ""Conselho Nacional das Instituições da Rede Federal de Educação Profissional, Científica e Tecnológica (Conif)"", ""Conselho Nacional de Secretários de Educação (Consed)"", ""Coordenação de Aperfeiçoamento de Pessoal de Nível Superior (Capes)"", ""Federação de Sindicatos de Professores e Professoras de Instituições Federais de Ensino Superior e de Ensino Básico Técnico e Tecnológico (Proifes)"", ""Federação de Sindicatos de Trabalhadores de Universidades Brasileiras (Fasubra)"", ""Fórum Nacional dos Conselhos Estaduais e Distrital de Educação (Foncede)"", ""Fórum Nacional de Diretores de Faculdades, Centros, Departamentos de Educação ou Equivalentes das Universidades Públicas Brasileiras (ForumDir)"", ""Fóruns de Educação de Jovens e Adultos do Brasil (Fóruns EJA Brasil)"", ""Instituto Nacional de Estudos e Pesquisas Educacionais Anísio Teixeira (Inep)"", ""Movimento Interfóruns da Educação Infantil do Brasil (Mieib)"", ""Secretaria de Articulação Intersetorial e com os Sistemas de Ensino (Sase)"", ""Secretaria de Educação Básica (SEB)"", ""Secretaria de Educação Continuada, Alfabetização de Jovens e Adultos, Diversidade e Inclusão (Secadi)"", ""Secretaria de Educação Profissional e Tecnológica (Setec)"", ""Secretaria de Educação Superior (SESu)"", ""Secretaria de Regulação e Supervisão da Educação Superior (SERES)"", ""Sociedade Brasileira para o Progresso da Ciência (SBPC)"", ""União Brasileira dos Estudantes Secundaristas (Ubes)"", ""União Nacional dos Conselhos Municipais de Educação (Uncme)"", ""União Nacional dos Dirigentes Municipais de Educação (Undime)"", ""União Nacional dos Estudantes (UNE)"", ""Conselho de Reitores das Universidades Brasileiras (Crub)"", ""Associação Brasileira dos Reitores das Universidades Estaduais e Municipais (Abruem)"", ""Central Única dos Trabalhadores (CUT)"", ""União Geral dos Trabalhadores (UGT)"", ""Confederação Nacional da Indústria (CNI)"", ""Confederação Nacional do Comércio (CNC)"", ""Campanha Nacional pelo Direito à Educação"", ""Movimento Todos Pela Educação"", ""Comissão Nacional de Educação Escolar Indígena (CNEEI)"", ""Fórum Nacional de Educação Escolar Indígena (FNCEEI)"", ""Comissão Técnica Nacional de Diversidade para Assuntos Relacionados à Educação dos Afro-Brasileiros (Cadara)"", ""Centro de Estudo das Relações do Trabalho e Desigualdades (Ceert)"", ""Confederação Nacional dos Trabalhadores na Agricultura (Contag)"", ""Movimento dos Trabalhadores Rurais Sem Terra (MST)"", ""Associação Brasileira de Lésbicas, Gays, Bissexuais, Travestis, Transexuais e Intersexos (ABGLT)"", ""União Brasileira de Mulheres (UBM)"", ""Associação Nacional das Universidades Particulares (Anup)"", ""Associação Brasileira de Educação a Distância (Abed)"", ""Confederação Nacional dos Estabelecimentos de Ensino (Confenem)"", ""Associação Brasileira de Mantenedoras de Ensino Superior (ABMES)"", ""Associação Nacional de História (Anpuh)"", ""Associação Brasileira de Ensino de Ciências Sociais (Abecs)"", ""Associação Nacional pela Formação de Profissionais da Educação (Anfope)"", ""Fórum Nacional dos Coordenadores Institucionais do Programa Institucional de Bolsa de Iniciação à Docência e Residência Pedagógica (Forpibid-RP)"", ""Associação Nacional de Educação Católica do Brasil (Anec)"", ""Associação Brasileira de Instituições Educacionais Evangélicas (Abiee)""]",069.pdf,doc_582f154548ded28e
Ministério de Minas e Energia (MME) e Empresa de Pesquisa Energética (EPE),Ministério de Minas e Energia (MME) e Empresa de Pesquisa Energética (EPE),[],[],070.pdf,doc_b8bf77aab34b01ca
Ministério da Defesa,Ministério da Defesa,[],[],071.pdf,doc_96585da415523d23
"Ministério da Indústria, Comércio Exterior e Serviços, Secretaria de Desenvolvimento Industrial, Inovação, Comércio e Serviços","Ministério da Indústria, Comércio Exterior e Serviços, Secretaria de Desenvolvimento Industrial, Inovação, Comércio e Serviços","[""Ministério da Indústria, Comércio Exterior e Serviços"", ""Secretaria de Desenvolvimento Industrial, Inovação, Comércio e Serviços"", ""Ministério da Gestão e da Inovação em Serviços Públicos"", ""Casa Civil"", ""Ministério da Fazenda"", ""Ministério da Agricultura e Pecuária"", ""Ministério de Minas e Energia"", ""Ministério da Ciência, Tecnologia e Inovação"", ""Ministério do Desenvolvimento Agrário e Agricultura Familiar"", ""Ministério do Meio Ambiente e Mudança do Clima"", ""Empresa Brasileira de Pesquisa Agropecuária (Embrapa)"", ""Confederação da Agricultura e Pecuária do Brasil"", ""Confederação Nacional da Indústria"", ""Petróleo Brasileiro S.A."", ""CONFERT (Conselho Nacional de Fertilizantes e Nutrição de Plantas)"", ""SAE/PR (Secretaria de Assuntos Estratégicos da Presidência da República)"", ""Associação dos Misturadores de Adubo do Brasil"", ""Federação Única dos Petroleiros"", ""Instituto Brasileiro de Mineração"", ""Agência Brasileira de Promoção de Exportações e Investimentos (Apex-Brasil)"", ""Banco Nacional de Desenvolvimento Econômico e Social (BNDES)"", ""Centro de Tecnologia Mineral (CETEM)"", ""Centro Universitário de Patos de Minas (UNIPAM)"", ""Companhia de Pesquisa de Recursos Minerais – Serviço Geológico do Brasil (CPRM/SGB)"", ""Conselho Nacional de Desenvolvimento Científico e Tecnológico (CNPq)"", ""Empresa Brasileira de Pesquisa e Inovação Industrial (EMBRAPII)"", ""Empresa de Pesquisa Energética (EPE)"", ""Financiadora de Estudos e Projetos (Finep)"", ""Instituto de Pesquisa Econômica Aplicada (Ipea)"", ""Instituto Nacional da Propriedade Industrial (INPI)"", ""Universidade de Brasília (UnB)"", ""Universidade de São Paulo (USP)"", ""Universidade Federal de Lavras (UFLA)"", ""Universidade Federal do Mato Grosso (UFMT)"", ""Universidade Federal do Rio de Janeiro (UFRJ)"", ""Advocacia-Geral da União (AGU)"", ""Gabinete de Segurança Institucional (GSI)"", ""Ministério da Infraestrutura (Minfra)"", ""Verde Agritech"", ""NPCT (Núcleo de Pesquisa em Ciência e Tecnologia)"", ""ABPM (Associação Brasileira de Pesquisa Mineral)"", ""ABISOLO (Associação Brasileira das Indústrias de Tecnologia em Nutrição Vegetal)"", ""Haifa Group"", ""Câmara Setorial de Florestas Plantadas"", ""Câmara Setorial da Cadeia Produtiva da Agricultura Orgânica"", ""RenovaBio"", ""AMBIPAR""]","[""Ministério da Indústria, Comércio Exterior e Serviços"", ""Secretaria de Desenvolvimento Industrial, Inovação, Comércio e Serviços"", ""Ministério da Gestão e da Inovação em Serviços Públicos"", ""Casa Civil"", ""Ministério da Fazenda"", ""Ministério da Agricultura e Pecuária"", ""Ministério de Minas e Energia"", ""Ministério da Ciência, Tecnologia e Inovação"", ""Ministério do Desenvolvimento Agrário e Agricultura Familiar"", ""Ministério do Meio Ambiente e Mudança do Clima"", ""Empresa Brasileira de Pesquisa Agropecuária (Embrapa)"", ""Confederação da Agricultura e Pecuária do Brasil"", ""Confederação Nacional da Indústria"", ""Petróleo Brasileiro S.A."", ""CONFERT (Conselho Nacional de Fertilizantes e Nutrição de Plantas)"", ""SAE/PR (Secretaria de Assuntos Estratégicos da Presidência da República)"", ""Associação dos Misturadores de Adubo do Brasil"", ""Federação Única dos Petroleiros"", ""Instituto Brasileiro de Mineração"", ""Agência Brasileira de Promoção de Exportações e Investimentos (Apex-Brasil)"", ""Banco Nacional de Desenvolvimento Econômico e Social (BNDES)"", ""Centro de Tecnologia Mineral (CETEM)"", ""Centro Universitário de Patos de Minas (UNIPAM)"", ""Companhia de Pesquisa de Recursos Minerais – Serviço Geológico do Brasil (CPRM/SGB)"", ""Conselho Nacional de Desenvolvimento Científico e Tecnológico (CNPq)"", ""Empresa Brasileira de Pesquisa e Inovação Industrial (EMBRAPII)"", ""Empresa de Pesquisa Energética (EPE)"", ""Financiadora de Estudos e Projetos (Finep)"", ""Instituto de Pesquisa Econômica Aplicada (Ipea)"", ""Instituto Nacional da Propriedade Industrial (INPI)"", ""Universidade de Brasília (UnB)"", ""Universidade de São Paulo (USP)"", ""Universidade Federal de Lavras (UFLA)"", ""Universidade Federal do Mato Grosso (UFMT)"", ""Universidade Federal do Rio de Janeiro (UFRJ)"", ""Advocacia-Geral da União (AGU)"", ""Gabinete de Segurança Institucional (GSI)"", ""Ministério da Infraestrutura (Minfra)"", ""Verde Agritech"", ""NPCT (Núcleo de Pesquisa em Ciência e Tecnologia)"", ""ABPM (Associação Brasileira de Pesquisa Mineral)"", ""ABISOLO (Associação Brasileira das Indústrias de Tecnologia em Nutrição Vegetal)"", ""Haifa Group"", ""Câmara Setorial de Florestas Plantadas"", ""Câmara Setorial da Cadeia Produtiva da Agricultura Orgânica"", ""RenovaBio"", ""AMBIPAR""]",072.pdf,doc_5d326c5048087c71
Empresa de Planejamento e Logística (EPL),Empresa de Planejamento e Logística (EPL),"[""Ministério da Infraestrutura""]","[""Ministério da Infraestrutura""]",073.pdf,doc_a449a8c0e390208b
Ministério do Desenvolvimento Regional (MDR),Ministério do Desenvolvimento Regional (MDR),"[""Agência Nacional de Águas e Saneamento Básico (ANA)"", ""Conselho Nacional de Recursos Hídricos (CNRH)"", ""ENGECORPS ENGENHARIA S.A."", ""Marinha do Brasil"", ""ICMBio"", ""IBAMA"", ""Ministério do Meio Ambiente (MMA)"", ""Secretaria de Patrimônio da União (SPU)"", ""Ministério da Agricultura, Pecuária e Abastecimento (MAPA)"", ""Comitês de Bacias Hidrográficas (CBHs)"", ""Organizações Civis de Recursos Hídricos (OGERHs)"", ""CIRM (Comissão Interministerial para os Recursos do Mar)"", ""IBGE"", ""Ministério do Turismo (MTur)"", ""Ministério da Infraestrutura (MInfra)"", ""Organizações Gestoras de Recursos Hídricos estaduais (OGRHS estaduais)""]","[""Agência Nacional de Águas e Saneamento Básico (ANA)"", ""Conselho Nacional de Recursos Hídricos (CNRH)"", ""ENGECORPS ENGENHARIA S.A."", ""Marinha do Brasil"", ""ICMBio"", ""IBAMA"", ""Ministério do Meio Ambiente (MMA)"", ""Secretaria de Patrimônio da União (SPU)"", ""Ministério da Agricultura, Pecuária e Abastecimento (MAPA)"", ""Comitês de Bacias Hidrográficas (CBHs)"", ""Organizações Civis de Recursos Hídricos (OGERHs)"", ""CIRM (Comissão Interministerial para os Recursos do Mar)"", ""IBGE"", ""Ministério do Turismo (MTur)"", ""Ministério da Infraestrutura (MInfra)"", ""Organizações Gestoras de Recursos Hídricos estaduais (OGRHS estaduais)""]",074.pdf,doc_1470ecda11ba1606
Ministério do Meio Ambiente,Ministério do Meio Ambiente,"[""Associação Brasileira de Empresas de Limpeza Pública e Resíduos Especiais - Abrelpe""]","[""Associação Brasileira de Empresas de Limpeza Pública e Resíduos Especiais - Abrelpe""]",075.pdf,doc_117af3e2981dff1c
Ministério do Desenvolvimento Regional,Ministério do Desenvolvimento Regional,"[""Conselhos Nacionais de Saúde"", ""Conselhos Nacionais de Recursos Hídricos"", ""Conselhos Nacionais de Meio Ambiente""]","[""Conselhos Nacionais de Saúde"", ""Conselhos Nacionais de Recursos Hídricos"", ""Conselhos Nacionais de Meio Ambiente""]",076.pdf,doc_e428048471c9e8f4
Agência Nacional de Águas (ANA),Agência Nacional de Águas (ANA),"[""Ministério do Desenvolvimento Regional"", ""CODEVASF"", ""DNOCS"", ""Engecorps Engenharia S.A."", ""Consórcio Nippon Koei Co. Ltd. / Nippon Koei Lac do Brasil Ltda. / STE - Serviços Técnicos de Engenharia S.A.""]","[""Ministério do Desenvolvimento Regional"", ""CODEVASF"", ""DNOCS"", ""Engecorps Engenharia S.A."", ""Consórcio Nippon Koei Co. Ltd. / Nippon Koei Lac do Brasil Ltda. / STE - Serviços Técnicos de Engenharia S.A.""]",077.pdf,doc_18f21e6105486509
Ministério da Justiça e Segurança Pública,Ministério da Justiça e Segurança Pública,"[""órgãos de controle""]","[""órgãos de controle""]",078.pdf,doc_1d05a87563e033ea
Movimento Agenda 227 – Prioridade Absoluta para Crianças e Adolescentes,Movimento Agenda 227 – Prioridade Absoluta para Crianças e Adolescentes,"[""Alana"", ""Aliança Nacional LGBTI+"", ""ANDI - Comunicação e Direitos"", ""Centro de Referências em Educação Integral"", ""Childhood Brasil"", ""Coalizão Brasileira pelo Fim da Violência contra Crianças e Adolescentes"", ""Coalizão pela Socioeducação"", ""Escola de Gente - Comunicação em Inclusão"", ""Fundação Bernard van Leer"", ""Fundação José Luiz Egydio Setúbal"", ""Fundação Maria Cecília Souto Vidigal"", ""Geledés - Instituto da Mulher Negra"", ""Instituto Clima e Sociedade (iCS)"", ""Instituto Liberta"", ""Instituto Rodrigo Mendes"", ""Rede-In - Rede Brasileira de Inclusão da Pessoa com Deficiência"", ""RNPI - Rede Nacional Primeira Infância"", ""United Way Brasil""]","[""Alana"", ""Aliança Nacional LGBTI+"", ""ANDI - Comunicação e Direitos"", ""Centro de Referências em Educação Integral"", ""Childhood Brasil"", ""Coalizão Brasileira pelo Fim da Violência contra Crianças e Adolescentes"", ""Coalizão pela Socioeducação"", ""Escola de Gente - Comunicação em Inclusão"", ""Fundação Bernard van Leer"", ""Fundação José Luiz Egydio Setúbal"", ""Fundação Maria Cecília Souto Vidigal"", ""Geledés - Instituto da Mulher Negra"", ""Instituto Clima e Sociedade (iCS)"", ""Instituto Liberta"", ""Instituto Rodrigo Mendes"", ""Rede-In - Rede Brasileira de Inclusão da Pessoa com Deficiência"", ""RNPI - Rede Nacional Primeira Infância"", ""United Way Brasil""]",079.pdf,doc_345088727156af38
Ministério da Defesa do Brasil,Ministério da Defesa do Brasil,[],[],080.pdf,doc_4225025fe2e75ceb
"Ministério da Agricultura, Pecuária e Abastecimento","Ministério da Agricultura, Pecuária e Abastecimento","[""Associação Baiana das Empresas de Base Florestal - ABAF-BA"", ""Agência Reguladora de águas, Energia e Saneamento do Distrito Federal - ADASA"", ""Associação Gaúcha de Empresas Florestais - AGEFLOR"", ""Associação de Reflorestadores de Mato Grosso - AREFLORESTA-MT"", ""Associação Brasileira das Entidades Estaduais de Assistência Técnica e Extensão Rural - ASBRAER"", ""Associação Brasileira do Biogás - ABiogás"", ""Associação do Sudoeste Paulista de Irrigação e Plantio na Palha - ASPIPP"", ""Associação Nacional da Pecuária Intensiva - Assocon"", ""Associação Paranaense de Empresas de Base Florestal - APRE"", ""Banco Central do Brasil - BACEN"", ""Banco Mundial - BIRD"", ""Banco Interamericano de Desenvolvimento - BID"", ""Centro Nacional de Monitoramento e Alertas de Desastres Naturais - Cemaden"", ""Centro Internacional de Energias Renováveis - CIBiogás-ER"", ""Comissão Executiva do Plano da Lavoura Cacaueira - CEPLAC"", ""Climate Policy Initiative - CPI Global"", ""Confederação da Agricultura e Pecuária do Brasil - CNA"", ""Associação Rio-grandense de Empreendimentos de Assistência Técnica e Extensão Rural - Emater RS"", ""Embaixada do Reino Unido"", ""Empresa Brasileira de Pesquisa Agropecuária - EMBRAPA"", ""Empresa de Pesquisa Agropecuária e Extensão Rural de Santa Catarina - EPAGRI"", ""Escola Superior de Agricultura “Luiz de Queiroz”/ Universidade de São Paulo - Esalq/USP"", ""Organização das Nações Unidas para a Alimentação e a Agricultura - FAO"", ""Federação Brasileira do Sistema Plantio Direto - FEBRAPDP"", ""Deutsche Gesellschaft für Internationale Zusammenarbeit - GIZ"", ""Indústria Brasileira de Árvores - IBÁ"", ""Stichting IDH Sustainable Trade Initiative - IDH"", ""Instituto de Desenvolvimento Rural do Paraná - IDR"", ""Instituto de Manejo e Certificação Florestal e Agrícola - IMAFLORA"", ""Instituto Capixaba de Pesquisa, Assistência Técnica e Extensão Rural - INCAPER"", ""INCT Microrganismos Promotores do Crescimento de Plantas Visando à Sustentabilidade Agrícola e à Responsabilidade Ambiental - MPCPAgro"", ""Instituto 17 - i17"", ""Instituto Nacional de Ciência e Tecnologia - INCT"", ""Instituto Nacional de Meteorologia - INMET"", ""Instituto Nacional de Pesquisas Espaciais - INPE"", ""Bankengruppe - KFW"", ""Ministério da Economia - ME"", ""Organização das Cooperativas Brasileiras - OCB"", ""Associação Sul-Mato-Grossense de Produtores e Consumidores de Florestas Plantadas - REFLORE-MS"", ""Serviço Nacional de Aprendizagem Rural - SENAR"", ""Sociedade Brasileira de Sistemas Agroflorestais - SBSA"", ""Universidade do Estado de Santa Catarina - UDESC"", ""Universidade Estadual de Londrina - UEL"", ""Universidade Estadual de Ponta Grossa - UEPG"", ""Universidade Federal de Minas Gerais - UFMG"", ""Universidade Federal do Paraná - UFPR"", ""Universidade Federal do Rio Grande do Sul - UFRGS"", ""Universidade Federal de Santa Catarina - UFSC"", ""Universidade Federal de Santa Maria - UFSM"", ""Universidade Federal de Viçosa - UFV"", ""Universidade Federal de Mato Grosso do Sul - UFMS"", ""Organização das Nações Unidas para o Desenvolvimento Industrial - UNIDO""]","[""Associação Baiana das Empresas de Base Florestal - ABAF-BA"", ""Agência Reguladora de águas, Energia e Saneamento do Distrito Federal - ADASA"", ""Associação Gaúcha de Empresas Florestais - AGEFLOR"", ""Associação de Reflorestadores de Mato Grosso - AREFLORESTA-MT"", ""Associação Brasileira das Entidades Estaduais de Assistência Técnica e Extensão Rural - ASBRAER"", ""Associação Brasileira do Biogás - ABiogás"", ""Associação do Sudoeste Paulista de Irrigação e Plantio na Palha - ASPIPP"", ""Associação Nacional da Pecuária Intensiva - Assocon"", ""Associação Paranaense de Empresas de Base Florestal - APRE"", ""Banco Central do Brasil - BACEN"", ""Banco Mundial - BIRD"", ""Banco Interamericano de Desenvolvimento - BID"", ""Centro Nacional de Monitoramento e Alertas de Desastres Naturais - Cemaden"", ""Centro Internacional de Energias Renováveis - CIBiogás-ER"", ""Comissão Executiva do Plano da Lavoura Cacaueira - CEPLAC"", ""Climate Policy Initiative - CPI Global"", ""Confederação da Agricultura e Pecuária do Brasil - CNA"", ""Associação Rio-grandense de Empreendimentos de Assistência Técnica e Extensão Rural - Emater RS"", ""Embaixada do Reino Unido"", ""Empresa Brasileira de Pesquisa Agropecuária - EMBRAPA"", ""Empresa de Pesquisa Agropecuária e Extensão Rural de Santa Catarina - EPAGRI"", ""Escola Superior de Agricultura “Luiz de Queiroz”/ Universidade de São Paulo - Esalq/USP"", ""Organização das Nações Unidas para a Alimentação e a Agricultura - FAO"", ""Federação Brasileira do Sistema Plantio Direto - FEBRAPDP"", ""Deutsche Gesellschaft für Internationale Zusammenarbeit - GIZ"", ""Indústria Brasileira de Árvores - IBÁ"", ""Stichting IDH Sustainable Trade Initiative - IDH"", ""Instituto de Desenvolvimento Rural do Paraná - IDR"", ""Instituto de Manejo e Certificação Florestal e Agrícola - IMAFLORA"", ""Instituto Capixaba de Pesquisa, Assistência Técnica e Extensão Rural - INCAPER"", ""INCT Microrganismos Promotores do Crescimento de Plantas Visando à Sustentabilidade Agrícola e à Responsabilidade Ambiental - MPCPAgro"", ""Instituto 17 - i17"", ""Instituto Nacional de Ciência e Tecnologia - INCT"", ""Instituto Nacional de Meteorologia - INMET"", ""Instituto Nacional de Pesquisas Espaciais - INPE"", ""Bankengruppe - KFW"", ""Ministério da Economia - ME"", ""Organização das Cooperativas Brasileiras - OCB"", ""Associação Sul-Mato-Grossense de Produtores e Consumidores de Florestas Plantadas - REFLORE-MS"", ""Serviço Nacional de Aprendizagem Rural - SENAR"", ""Sociedade Brasileira de Sistemas Agroflorestais - SBSA"", ""Universidade do Estado de Santa Catarina - UDESC"", ""Universidade Estadual de Londrina - UEL"", ""Universidade Estadual de Ponta Grossa - UEPG"", ""Universidade Federal de Minas Gerais - UFMG"", ""Universidade Federal do Paraná - UFPR"", ""Universidade Federal do Rio Grande do Sul - UFRGS"", ""Universidade Federal de Santa Catarina - UFSC"", ""Universidade Federal de Santa Maria - UFSM"", ""Universidade Federal de Viçosa - UFV"", ""Universidade Federal de Mato Grosso do Sul - UFMS"", ""Organização das Nações Unidas para o Desenvolvimento Industrial - UNIDO""]",081.pdf,doc_cf992674794f4be4
Fundação Oswaldo Cruz (Fiocruz),Fundação Oswaldo Cruz (Fiocruz),"[""Ministério da Saúde"", ""Instituto Brasileiro de Geografia e Estatística (IBGE)""]","[""Ministério da Saúde"", ""Instituto Brasileiro de Geografia e Estatística (IBGE)""]",082.pdf,doc_218d50ccb304b42b
Fundação Dom Cabral,Fundação Dom Cabral,[],[],083.pdf,doc_4fbfb77ca9b157e2
Instituto Sagres,Instituto Sagres,[],[],084.pdf,doc_dd7089b1f658d2f8
BANCO MUNDIAL,BANCO MUNDIAL,[],[],085.pdf,doc_65bc86a6d8f4f9f3
Ministério das Cidades / Secretaria Nacional de Habitação,Ministério das Cidades / Secretaria Nacional de Habitação,"[""Instituto Via Pública"", ""Fupam-LabHab-FAUUSP"", ""Logos Engenharia"", ""Conselho das Cidades"", ""Conselho Gestor do Fundo Nacional de Habitação de Interesse Social – CGFNHIS"", ""Fundação João Pinheiro/MG"", ""Centro de Desenvolvimento de Planejamento Regional da Universidade Federal de Minas Gerias - Cedeplar/MG"", ""Centro de Estudos da Métropole do Centro Brasileiro de Análise e Planejamento - CEM / CEBRAP"", ""Caixa Econômica Federal"", ""Banco Mundial"", ""Movimento Popular"", ""Entidades Profissionais, Acadêmicas e de Pesquisa"", ""Trabalhadores"", ""Empresários"", ""ONGs"", ""Poder Público Estadual"", ""Poder Público Municipal""]","[""Instituto Via Pública"", ""Fupam-LabHab-FAUUSP"", ""Logos Engenharia"", ""Conselho das Cidades"", ""Conselho Gestor do Fundo Nacional de Habitação de Interesse Social – CGFNHIS"", ""Fundação João Pinheiro/MG"", ""Centro de Desenvolvimento de Planejamento Regional da Universidade Federal de Minas Gerias - Cedeplar/MG"", ""Centro de Estudos da Métropole do Centro Brasileiro de Análise e Planejamento - CEM / CEBRAP"", ""Caixa Econômica Federal"", ""Banco Mundial"", ""Movimento Popular"", ""Entidades Profissionais, Acadêmicas e de Pesquisa"", ""Trabalhadores"", ""Empresários"", ""ONGs"", ""Poder Público Estadual"", ""Poder Público Municipal""]",086.pdf,doc_8fd8aff8761cdd9f
Agência Recife de Inovação e Estratégia - ARIES,Agência Recife de Inovação e Estratégia - ARIES,"[""Universidade Federal de Pernambuco"", ""Companhia Editora de Pernambuco"", ""Observatório do Recife"", ""Prefeitura da Cidade do Recife"", ""Núcleo de Gestão do Porto Digital""]","[""Universidade Federal de Pernambuco"", ""Companhia Editora de Pernambuco"", ""Observatório do Recife"", ""Prefeitura da Cidade do Recife"", ""Núcleo de Gestão do Porto Digital""]",087.pdf,doc_50ab4b4afbd32236
United Nations Development Programme (UNDP),United Nations Development Programme (UNDP),"[""International Science Council"", ""Changeist"", ""Smithery"", ""UNDP Country Offices (Bangladesh)"", ""UNDP Country Offices (Bolivia)"", ""UNDP Country Offices (Ghana)"", ""UNDP Regional Bureaus""]","[""International Science Council"", ""Changeist"", ""Smithery"", ""UNDP Country Offices (Bangladesh)"", ""UNDP Country Offices (Bolivia)"", ""UNDP Country Offices (Ghana)"", ""UNDP Regional Bureaus""]",088.pdf,doc_4b1665532f036257
OECD,OECD,"[""European Union"", ""European Commission Directorate-General for Structural Reform Support"", ""Department of the Taoiseach"", ""Department of Public Expenditure, NDP Delivery and Reform"", ""University of Galway""]","[""European Union"", ""European Commission Directorate-General for Structural Reform Support"", ""Department of the Taoiseach"", ""Department of Public Expenditure, NDP Delivery and Reform"", ""University of Galway""]",089.pdf,doc_723c70b5f38de5ef
"Brazilian Center for International Relations (CEBRI), Alexandre de Gusmão Foundation (FUNAG), and Institute for Applied Economic Research (IPEA)","Brazilian Center for International Relations (CEBRI), Alexandre de Gusmão Foundation (FUNAG), and Institute for Applied Economic Research (IPEA)","[""Igarapé Institute"", ""Plataforma CIPÓ"", ""CBAE-UFRJ - Brazilian College of Higher Studies, Federal University of Rio de Janeiro"", ""Articulação Sul"", ""Associação de Jovens Engajamundo"", ""BPC - Brics Policy Center"", ""Cátedra Josué de Castro, USP - University of São Paulo"", ""CCGI-FGV - Centre for Global Trade and Investment, Getulio Vargas Foundation"", ""CEA-UFRRJ - Center for Advanced Studies, Federal Rural University of Rio de Janeiro"", ""CEBRAP - Brazilian Center for Analysis and Planning"", ""CEDEPLAR-UFMG - Center for Development and Regional Planning, Federal University of Minas Gerais"", ""CEE-FIOCRUZ - Centro de Estudos Estratégicos Antônio Ivo de Carvalho, FIOCRUZ"", ""CEM-USP - Center for Metropolitan Studies, University of São Paulo"", ""CGEE - Center for Strategic Studies and Management"", ""CIEPP-UNESP - Centro de Inovação para Excelência em Política Pública, São Paulo State University"", ""CRIS-FIOCRUZ - FIOCRUZ Global Health Center, Oswaldo Cruz Foundation"", ""CDP"", ""Criola"", ""Data Privacy Brasil"", ""E+ Energy Transition Institute"", ""FLACSO - Latin American Faculty of Social Sciences"", ""FINDE-UFF - Financialization and Development Research Group, Fluminense Federal University"", ""FomeRI-UFPB - Grupo de Pesquisa sobre Fome e Relações Internacionais, Federal University of Paraíba"", ""Geledés - Instituto da Mulher Negra"", ""GeFAM - Family and Gender Economics Study Group"", ""Imazon"", ""IDESAM - Instituto de Conservação e Desenvolvimento Sustentável da Amazônia"", ""IDESF - Instituto de Desenvolvimento Econômico e Social de Fronteiras"", ""IESP-UERJ - Institute of Social and Political Studies, State University of Rio de Janeiro"", ""iCS - Institute for Climate and Society"", ""Imagine Brasil"", ""Instituto Escolhas"", ""Instituto Fernand Braudel de Economia Mundial"", ""Instituto Fome Zero"", ""Instituto Guetto"", ""Instituto Millenium"", ""Instituto Talanoa"", ""IPPUR-UFRJ - Instituto de Pesquisa e Planejamento Urbano e Regional, Federal University of Rio de Janeiro"", ""ITS - Institute for Technology & Society"", ""LABMUNDO - World Political Analysis Laboratory"", ""LabJaca"", ""LAPIN - Laboratory of Public Policy and Internet"", ""Made-USP - Research Center on Macroeconomics of Inequalities, University of São Paulo"", ""Nature Finance"", ""NERI - Núcleo de Estudos Raciais, INSPER"", ""OIMC-UERJ - Interdisciplinary Observatory on Climate Change, State University of Rio de Janeiro"", ""OPEB-UFABC - Observatory of Brazil’s Foreign Policy, Federal University of ABC"", ""Observatório da Fronteira, Universidade Federal da Grande Dourados"", ""Plataforma de Dados Brasileiros no Exterior"", ""REDAGRI-UFPB - International Agri-Food Studies Network, Federal University of Paraíba"", ""Associação Nacional de Pós-Graduandos (ANPG)"", ""Organização Continental Latino-Americana e Caribenha de Estudantes (OCLAE)"", ""União Brasileira dos Estudantes Secundaristas (UBES)"", ""União Nacional dos Estudantes (UNE)"", ""Transparência Brasil""]","[""Igarapé Institute"", ""Plataforma CIPÓ"", ""CBAE-UFRJ - Brazilian College of Higher Studies, Federal University of Rio de Janeiro"", ""Articulação Sul"", ""Associação de Jovens Engajamundo"", ""BPC - Brics Policy Center"", ""Cátedra Josué de Castro, USP - University of São Paulo"", ""CCGI-FGV - Centre for Global Trade and Investment, Getulio Vargas Foundation"", ""CEA-UFRRJ - Center for Advanced Studies, Federal Rural University of Rio de Janeiro"", ""CEBRAP - Brazilian Center for Analysis and Planning"", ""CEDEPLAR-UFMG - Center for Development and Regional Planning, Federal University of Minas Gerais"", ""CEE-FIOCRUZ - Centro de Estudos Estratégicos Antônio Ivo de Carvalho, FIOCRUZ"", ""CEM-USP - Center for Metropolitan Studies, University of São Paulo"", ""CGEE - Center for Strategic Studies and Management"", ""CIEPP-UNESP - Centro de Inovação para Excelência em Política Pública, São Paulo State University"", ""CRIS-FIOCRUZ - FIOCRUZ Global Health Center, Oswaldo Cruz Foundation"", ""CDP"", ""Criola"", ""Data Privacy Brasil"", ""E+ Energy Transition Institute"", ""FLACSO - Latin American Faculty of Social Sciences"", ""FINDE-UFF - Financialization and Development Research Group, Fluminense Federal University"", ""FomeRI-UFPB - Grupo de Pesquisa sobre Fome e Relações Internacionais, Federal University of Paraíba"", ""Geledés - Instituto da Mulher Negra"", ""GeFAM - Family and Gender Economics Study Group"", ""Imazon"", ""IDESAM - Instituto de Conservação e Desenvolvimento Sustentável da Amazônia"", ""IDESF - Instituto de Desenvolvimento Econômico e Social de Fronteiras"", ""IESP-UERJ - Institute of Social and Political Studies, State University of Rio de Janeiro"", ""iCS - Institute for Climate and Society"", ""Imagine Brasil"", ""Instituto Escolhas"", ""Instituto Fernand Braudel de Economia Mundial"", ""Instituto Fome Zero"", ""Instituto Guetto"", ""Instituto Millenium"", ""Instituto Talanoa"", ""IPPUR-UFRJ - Instituto de Pesquisa e Planejamento Urbano e Regional, Federal University of Rio de Janeiro"", ""ITS - Institute for Technology & Society"", ""LABMUNDO - World Political Analysis Laboratory"", ""LabJaca"", ""LAPIN - Laboratory of Public Policy and Internet"", ""Made-USP - Research Center on Macroeconomics of Inequalities, University of São Paulo"", ""Nature Finance"", ""NERI - Núcleo de Estudos Raciais, INSPER"", ""OIMC-UERJ - Interdisciplinary Observatory on Climate Change, State University of Rio de Janeiro"", ""OPEB-UFABC - Observatory of Brazil’s Foreign Policy, Federal University of ABC"", ""Observatório da Fronteira, Universidade Federal da Grande Dourados"", ""Plataforma de Dados Brasileiros no Exterior"", ""REDAGRI-UFPB - International Agri-Food Studies Network, Federal University of Paraíba"", ""Associação Nacional de Pós-Graduandos (ANPG)"", ""Organização Continental Latino-Americana e Caribenha de Estudantes (OCLAE)"", ""União Brasileira dos Estudantes Secundaristas (UBES)"", ""União Nacional dos Estudantes (UNE)"", ""Transparência Brasil""]",090.pdf,doc_eeaa6cfe7f674c72
CBIE Advisory,CBIE Advisory,"[""Associação Brasileira das Empresas Distribuidoras de Gás Canalizado (ABEGÁS)""]","[""Associação Brasileira das Empresas Distribuidoras de Gás Canalizado (ABEGÁS)""]",091.pdf,doc_d095d72cb74c4ef1
PwC,PwC,"[""London Business School"", ""City University of New York"", ""University of Chicago"", ""PwC China"", ""PwC Colombia"", ""PwC Nigeria"", ""PwC Poland"", ""PwC Turkey"", ""Source Global Research""]","[""London Business School"", ""City University of New York"", ""University of Chicago"", ""PwC China"", ""PwC Colombia"", ""PwC Nigeria"", ""PwC Poland"", ""PwC Turkey"", ""Source Global Research""]",092.pdf,doc_ac3752b3549fdfe5
Secretaria de Planejamento e Orçamento do Estado do Tocantins,Secretaria de Planejamento e Orçamento do Estado do Tocantins,"[""Instituto Publix para o Desenvolvimento da Gestão Pública""]","[""Instituto Publix para o Desenvolvimento da Gestão Pública""]",093.pdf,doc_addf948f204e36a6
Empresa Brasileira de Pesquisa Agropecuária (Embrapa),Empresa Brasileira de Pesquisa Agropecuária (Embrapa),"[""Ministério da Agricultura, Pecuária e Abastecimento""]","[""Ministério da Agricultura, Pecuária e Abastecimento""]",094.pdf,doc_8a67f77fbd2c4af3
Ministério do Meio Ambiente,Ministério do Meio Ambiente,"[""União Internacional para Conservação da Natureza (UICN)"", ""Estúdio Pictograma"", ""Painel Brasileiro de Biodiversidade (PainelBio)""]","[""União Internacional para Conservação da Natureza (UICN)"", ""Estúdio Pictograma"", ""Painel Brasileiro de Biodiversidade (PainelBio)""]",095.pdf,doc_0d2a44e6ace0dd00
"Coalizão Brasil Clima, Florestas e Agricultura","Coalizão Brasil Clima, Florestas e Agricultura",[],[],096.pdf,doc_200e98591da22406
Conselho Empresarial para o Desenvolvimento Sustentável (CEBDS),Conselho Empresarial para o Desenvolvimento Sustentável (CEBDS),"[""PulsarCom"", ""Magenta Lab""]","[""PulsarCom"", ""Magenta Lab""]",097.pdf,doc_8e9f8dfbe288faca
,,[],[],098.pdf,doc_aac304772b302f6e
McKinsey & Company,McKinsey & Company,"[""Organizações parceiras""]","[""Organizações parceiras""]",099.pdf,doc_c1a3812919bc1a86
Secretaria de Estado do Planejamento (SEPLAN),Secretaria de Estado do Planejamento (SEPLAN),"[""PROGRAMA DAS NAÇÕES UNIDAS PARA O DESENVOLVIMENTO (PNUD)"", ""Agência de Fomento e Desenvolvimento do Estado do Piauí – Piauí Fomento"", ""Assentamento Brejinho em Campo Maior"", ""Assentamento Novo Zabelê, São Raimundo Nonato"", ""Assentamento Paraíso, Pedro II"", ""Assentamento Terra Ativa, Batalha"", ""Assentamento Vista Alegre, Oeiras"", ""Associação Central dos Irrigantes do Perímetro Irrigado Platôs de Guadalupe – ACIPE"", ""Associação Comunidade Quilombo Lagoas, São Raimundo Nonato"", ""Associação da Mata dos Morenos, Regeneração"", ""Associação das Escolas-família Agrícola do Piauí – AEFAPI"", ""Associação das Mulheres Quebradeiras de Coco, Miguel Alves"", ""Associação de Barra Bonita"", ""Associação de Mulheres Fortes, Betânia do Piauí"", ""Associação de Produtores de Tucuns de Uruçuí"", ""Associação de Produtores do Assentamento Tabocas em Currais"", ""Associação dos Criadores de Ovinos e Caprinos – ASCOPAM"", ""Associação dos Criadores de Ovinos e Caprinos do Município de Betânia do Piauí – ASCOBETÂNIA"", ""Associação dos Produtores Agroecológicos do Semiárido Piauiense – APASPI"", ""Associação Lagoa do Juá"", ""Associação Mulheres Produtoras Rurais"", ""Associação Traçados, Ilha Grande do Piauí"", ""Cajuína Cristal"", ""Câmara dos Dirigentes Lojistas – CDL de Oeiras"", ""Caritas Diocesana de São Raimundo Nonato"", ""Central de Cooperativas Apícolas do Semiárido Brasileiro – Casa APIS"", ""Centro Colaborador em Alimentação e Nutrição Escolar – CECANE/UFPI"", ""Centro de Educação Ambiental e Assessoria – CEAA"", ""Cerâmica Serra da Capivara"", ""Comapi"", ""Comunidade Serra do Inácio"", ""Comunidade Trás da Serra, São Francisco de Assis"", ""Cooperativa de Catadores de Oeiras"", ""Cooperativa de Catadores de Piripiri"", ""Cooperativa dos Produtores e produtoras Rurais da Chapada do Rio Itaim – COOVITA"", ""Cooperativa Mel do Sertão"", ""Coordenadoria Estadual de Política para as Mulheres – CEPM"", ""Departamento de Estradas de Rodagem – DER"", ""Distrito de Irrigação Tabuleiros Litorâneos do Piauí – DITALPI"", ""Eco Adventure"", ""Empresa Brasileira de Pesquisa Agropecuária – EMBRAPA"", ""Empresa de Águas e Esgotos do Piauí S/A – AGESPISA"", ""Empresa de Gestão de Recursos do Estado – EMGERPI"", ""Equatorial Energia"", ""Ferrovia Transnordestina Logística"", ""Fraternidade São Francisco de Assis"", ""Instituto Chico Mendes de Conservação da Biodiversidade – ICMBio"", ""Instituto de Assistência Técnica e Extensão Rural do Piauí – EMATER"", ""Instituto de Desenvolvimento do Piauí – IDEPI"", ""Instituto de Terras do Piauí – INTERPI"", ""Instituto Federal de Educação, Ciência e Tecnologia do Piauí – IFPI"", ""Instituto Presente"", ""Investe Piauí"", ""Mel Wenzel"", ""Ministério Público Oeiras"", ""Parque Nacional da Serra da Capivara"", ""Parque Nacional da Serra das Confusões"", ""Pousada da Serra da Capivara"", ""Prefeitura Municipal de Amarante"", ""Prefeitura Municipal de Betânia"", ""Prefeitura Municipal de Bom Jesus"", ""Prefeitura Municipal de Brasileira"", ""Prefeitura Municipal de Campo Maior"", ""Prefeitura Municipal de Caracol"", ""Prefeitura Municipal de Castelo do Piauí"", ""Prefeitura Municipal de Guadalupe"", ""Prefeitura Municipal de Eliseu Martins"", ""Prefeitura Municipal de Oeiras"", ""Prefeitura Municipal de Parnaíba"", ""Prefeitura Municipal de Paulistana"", ""Prefeitura Municipal de Pedro II"", ""Prefeitura Municipal de Piracuruca"", ""Prefeitura Municipal de Piripiri"", ""Prefeitura Municipal de Regeneração"", ""Prefeitura Municipal de São Raimundo Nonato"", ""Prefeitura Municipal de Simplício Mendes"", ""Prefeitura Municipal de Uruçuí"", ""Projeto de Psicultura do Soizão, Oeiras"", ""Projeto Peixe Boi, Cajueiro da Praia"", ""Quilombo Lagoas"", ""Quilombo Mimbó, Amarante"", ""Secretaria de Agricultura Familiar – SAF"", ""Secretaria de Desenvolvimento Econômico – SDE"", ""Secretaria de Estado da Educação – SEDUC"", ""Secretaria de Estado da Saúde – SESAPI"", ""Secretaria de Estado de Assistência Social e Cidadania – SASC"", ""Secretaria de Estado de Infraestrutura – SEINFRA"", ""Secretaria de Estado de Meio Ambiente e Recursos Hídricos – SEMAR"", ""Secretaria de Estado de Transportes – SETUR"", ""Serviço Brasileiro de Apoio às Micro e Pequenas Empresas – SEBRAE"", ""Sindicato da Pesca de Parnaíba"", ""Sindicato de Trabalhadores e Trabalhadoras Rurais de Bom Jesus"", ""Sindicato de Trabalhadores Rurais de Amarante"", ""Sindicato de Trabalhadores Rurais de Betânia"", ""Sindicato de Trabalhadores Rurais de Oeiras"", ""Sindicato de Trabalhadores Rurais de Parnaíba"", ""Sindicato de Trabalhadores Rurais de Paulistana"", ""Sindicato de Trabalhadores Rurais de Piripiri"", ""Sindicato de Trabalhadores Rurais de Raimundo Nonato"", ""Sindicato de Trabalhadores Rurais de Regeneração"", ""Sindicato dos Trabalhadores e Trabalhadoras Rurais de Assunção do Piauí"", ""Sindicato dos Trabalhadores e Trabalhadoras Rurais de Eliseu Martins"", ""Sindicato dos Trabalhadores e Trabalhadoras Rurais de Uruçuí"", ""Sindicato dos Trabalhadores Rurais de Miguel Alves"", ""Sindicato dos Trabalhadores Rurais de Pedro II"", ""Sindicato dos Trabalhadores Rurais de São Francisco de Assis"", ""Superintendência de Parcerias e Concessões – SUPARC"", ""Superintendência do Turismo"", ""Universidade Federal do Delta do Parnaíba – UFDPar"", ""Usina Eólica Pedra do Sal"", ""Zona de Processamento de Exportações – ZPE""]","[""PROGRAMA DAS NAÇÕES UNIDAS PARA O DESENVOLVIMENTO (PNUD)"", ""Agência de Fomento e Desenvolvimento do Estado do Piauí – Piauí Fomento"", ""Assentamento Brejinho em Campo Maior"", ""Assentamento Novo Zabelê, São Raimundo Nonato"", ""Assentamento Paraíso, Pedro II"", ""Assentamento Terra Ativa, Batalha"", ""Assentamento Vista Alegre, Oeiras"", ""Associação Central dos Irrigantes do Perímetro Irrigado Platôs de Guadalupe – ACIPE"", ""Associação Comunidade Quilombo Lagoas, São Raimundo Nonato"", ""Associação da Mata dos Morenos, Regeneração"", ""Associação das Escolas-família Agrícola do Piauí – AEFAPI"", ""Associação das Mulheres Quebradeiras de Coco, Miguel Alves"", ""Associação de Barra Bonita"", ""Associação de Mulheres Fortes, Betânia do Piauí"", ""Associação de Produtores de Tucuns de Uruçuí"", ""Associação de Produtores do Assentamento Tabocas em Currais"", ""Associação dos Criadores de Ovinos e Caprinos – ASCOPAM"", ""Associação dos Criadores de Ovinos e Caprinos do Município de Betânia do Piauí – ASCOBETÂNIA"", ""Associação dos Produtores Agroecológicos do Semiárido Piauiense – APASPI"", ""Associação Lagoa do Juá"", ""Associação Mulheres Produtoras Rurais"", ""Associação Traçados, Ilha Grande do Piauí"", ""Cajuína Cristal"", ""Câmara dos Dirigentes Lojistas – CDL de Oeiras"", ""Caritas Diocesana de São Raimundo Nonato"", ""Central de Cooperativas Apícolas do Semiárido Brasileiro – Casa APIS"", ""Centro Colaborador em Alimentação e Nutrição Escolar – CECANE/UFPI"", ""Centro de Educação Ambiental e Assessoria – CEAA"", ""Cerâmica Serra da Capivara"", ""Comapi"", ""Comunidade Serra do Inácio"", ""Comunidade Trás da Serra, São Francisco de Assis"", ""Cooperativa de Catadores de Oeiras"", ""Cooperativa de Catadores de Piripiri"", ""Cooperativa dos Produtores e produtoras Rurais da Chapada do Rio Itaim – COOVITA"", ""Cooperativa Mel do Sertão"", ""Coordenadoria Estadual de Política para as Mulheres – CEPM"", ""Departamento de Estradas de Rodagem – DER"", ""Distrito de Irrigação Tabuleiros Litorâneos do Piauí – DITALPI"", ""Eco Adventure"", ""Empresa Brasileira de Pesquisa Agropecuária – EMBRAPA"", ""Empresa de Águas e Esgotos do Piauí S/A – AGESPISA"", ""Empresa de Gestão de Recursos do Estado – EMGERPI"", ""Equatorial Energia"", ""Ferrovia Transnordestina Logística"", ""Fraternidade São Francisco de Assis"", ""Instituto Chico Mendes de Conservação da Biodiversidade – ICMBio"", ""Instituto de Assistência Técnica e Extensão Rural do Piauí – EMATER"", ""Instituto de Desenvolvimento do Piauí – IDEPI"", ""Instituto de Terras do Piauí – INTERPI"", ""Instituto Federal de Educação, Ciência e Tecnologia do Piauí – IFPI"", ""Instituto Presente"", ""Investe Piauí"", ""Mel Wenzel"", ""Ministério Público Oeiras"", ""Parque Nacional da Serra da Capivara"", ""Parque Nacional da Serra das Confusões"", ""Pousada da Serra da Capivara"", ""Prefeitura Municipal de Amarante"", ""Prefeitura Municipal de Betânia"", ""Prefeitura Municipal de Bom Jesus"", ""Prefeitura Municipal de Brasileira"", ""Prefeitura Municipal de Campo Maior"", ""Prefeitura Municipal de Caracol"", ""Prefeitura Municipal de Castelo do Piauí"", ""Prefeitura Municipal de Guadalupe"", ""Prefeitura Municipal de Eliseu Martins"", ""Prefeitura Municipal de Oeiras"", ""Prefeitura Municipal de Parnaíba"", ""Prefeitura Municipal de Paulistana"", ""Prefeitura Municipal de Pedro II"", ""Prefeitura Municipal de Piracuruca"", ""Prefeitura Municipal de Piripiri"", ""Prefeitura Municipal de Regeneração"", ""Prefeitura Municipal de São Raimundo Nonato"", ""Prefeitura Municipal de Simplício Mendes"", ""Prefeitura Municipal de Uruçuí"", ""Projeto de Psicultura do Soizão, Oeiras"", ""Projeto Peixe Boi, Cajueiro da Praia"", ""Quilombo Lagoas"", ""Quilombo Mimbó, Amarante"", ""Secretaria de Agricultura Familiar – SAF"", ""Secretaria de Desenvolvimento Econômico – SDE"", ""Secretaria de Estado da Educação – SEDUC"", ""Secretaria de Estado da Saúde – SESAPI"", ""Secretaria de Estado de Assistência Social e Cidadania – SASC"", ""Secretaria de Estado de Infraestrutura – SEINFRA"", ""Secretaria de Estado de Meio Ambiente e Recursos Hídricos – SEMAR"", ""Secretaria de Estado de Transportes – SETUR"", ""Serviço Brasileiro de Apoio às Micro e Pequenas Empresas – SEBRAE"", ""Sindicato da Pesca de Parnaíba"", ""Sindicato de Trabalhadores e Trabalhadoras Rurais de Bom Jesus"", ""Sindicato de Trabalhadores Rurais de Amarante"", ""Sindicato de Trabalhadores Rurais de Betânia"", ""Sindicato de Trabalhadores Rurais de Oeiras"", ""Sindicato de Trabalhadores Rurais de Parnaíba"", ""Sindicato de Trabalhadores Rurais de Paulistana"", ""Sindicato de Trabalhadores Rurais de Piripiri"", ""Sindicato de Trabalhadores Rurais de Raimundo Nonato"", ""Sindicato de Trabalhadores Rurais de Regeneração"", ""Sindicato dos Trabalhadores e Trabalhadoras Rurais de Assunção do Piauí"", ""Sindicato dos Trabalhadores e Trabalhadoras Rurais de Eliseu Martins"", ""Sindicato dos Trabalhadores e Trabalhadoras Rurais de Uruçuí"", ""Sindicato dos Trabalhadores Rurais de Miguel Alves"", ""Sindicato dos Trabalhadores Rurais de Pedro II"", ""Sindicato dos Trabalhadores Rurais de São Francisco de Assis"", ""Superintendência de Parcerias e Concessões – SUPARC"", ""Superintendência do Turismo"", ""Universidade Federal do Delta do Parnaíba – UFDPar"", ""Usina Eólica Pedra do Sal"", ""Zona de Processamento de Exportações – ZPE""]",100.pdf,doc_9d07aa4c67cee0e9
Fundação Dom Cabral,Fundação Dom Cabral,"[""GO Associados""]","[""GO Associados""]",101.pdf,doc_f08f07e5cd2e2b79
Fundação Dom Cabral,Fundação Dom Cabral,[],[],102.pdf,doc_29eec8cb7458c0ed
Grupo de Pesquisa e Estudos Prospectivos (NEP-UCB) da Universidade Católica de Brasília,Grupo de Pesquisa e Estudos Prospectivos (NEP-UCB) da Universidade Católica de Brasília,[],[],103.pdf,doc_28835709fa751d8b
"Secretaria de Planejamento, Governança e Gestão do Rio Grande do Sul","Secretaria de Planejamento, Governança e Gestão do Rio Grande do Sul",[],[],104.pdf,doc_7282532e36c67ef7
Ministério do Meio Ambiente e Mudança do Clima,Ministério do Meio Ambiente e Mudança do Clima,"[""Global Environment Facility (GEF)"", ""Programa das Nações Unidas para o Desenvolvimento (PNUD)"", ""Ministério Federal Alemão da Cooperação Econômica e do Desenvolvimento (BMZ)"", ""Agência Norueguesa de Ajuda ao Desenvolvimento (NORAD)"", ""Deutsche Gesellschaft für Internationale Zusammenarbeit (GIZ)""]","[""Global Environment Facility (GEF)"", ""Programa das Nações Unidas para o Desenvolvimento (PNUD)"", ""Ministério Federal Alemão da Cooperação Econômica e do Desenvolvimento (BMZ)"", ""Agência Norueguesa de Ajuda ao Desenvolvimento (NORAD)"", ""Deutsche Gesellschaft für Internationale Zusammenarbeit (GIZ)""]",105.pdf,doc_becc99e6695d77c6
Empresa Brasileira de Pesquisa Agropecuária (Embrapa),Empresa Brasileira de Pesquisa Agropecuária (Embrapa),[],[],106.pdf,doc_87ca1b686c49b2d4
Associação Brasileira de Bioinovação (ABBI),Associação Brasileira de Bioinovação (ABBI),"[""Biotrop"", ""Braskem"", ""CENERGIA/COPPE/UFRJ"", ""DSM Firmenich"", ""Embrapa"", ""IST Alimentos"", ""ISI Biomassa"", ""ISI Biossintéticos e Fibras"", ""Novonesis"", ""Raízen"", ""Instituto SENAI de Inovação em Biossintéticos e Fibras"", ""Instituto SENAI de Inovação em Biomassa"", ""Instituto SENAI de Tecnologia em Alimentos e Bebidas"", ""Embrapa Agroenergia""]","[""Biotrop"", ""Braskem"", ""CENERGIA/COPPE/UFRJ"", ""DSM Firmenich"", ""Embrapa"", ""IST Alimentos"", ""ISI Biomassa"", ""ISI Biossintéticos e Fibras"", ""Novonesis"", ""Raízen"", ""Instituto SENAI de Inovação em Biossintéticos e Fibras"", ""Instituto SENAI de Inovação em Biomassa"", ""Instituto SENAI de Tecnologia em Alimentos e Bebidas"", ""Embrapa Agroenergia""]",107.pdf,doc_51a69bae251c4d81
Plataforma de Infraestrutura em Logística de Transportes - PILT,Plataforma de Infraestrutura em Logística de Transportes - PILT,"[""Fundação Dom Cabral (FDC)""]","[""Fundação Dom Cabral (FDC)""]",108.pdf,doc_24c126028c12f8d8
Governo do Estado da Paraíba,Governo do Estado da Paraíba,[],[],109.pdf,doc_8a1f437f49387a60
Comitê Interministerial sobre Mudança do Clima,Comitê Interministerial sobre Mudança do Clima,"[""Casa Civil da Presidência da República"", ""Secretaria de Assuntos Estratégicos da Presidência da República"", ""Ministério da Agricultura, Pecuária e Abastecimento"", ""Ministério da Ciência e Tecnologia"", ""Ministério da Defesa"", ""Ministério da Educação"", ""Ministério da Fazenda"", ""Ministério da Integração Nacional"", ""Ministério da Saúde"", ""Ministério das Cidades"", ""Ministério das Relações Exteriores"", ""Ministério de Minas e Energia"", ""Ministério do Desenvolvimento Agrário"", ""Ministério do Desenvolvimento, Indústria e Comércio Exterior"", ""Ministério do Meio Ambiente"", ""Ministério do Planejamento, Orçamento e Gestão"", ""Ministério dos Transportes"", ""Fórum Brasileiro de Mudanças Climáticas"", ""Comissão Interministerial de Mudança Global do Clima"", ""III Conferência Nacional do Meio Ambiente"", ""Fóruns Estaduais de Mudanças Climáticas"", ""Organizações da sociedade""]","[""Casa Civil da Presidência da República"", ""Secretaria de Assuntos Estratégicos da Presidência da República"", ""Ministério da Agricultura, Pecuária e Abastecimento"", ""Ministério da Ciência e Tecnologia"", ""Ministério da Defesa"", ""Ministério da Educação"", ""Ministério da Fazenda"", ""Ministério da Integração Nacional"", ""Ministério da Saúde"", ""Ministério das Cidades"", ""Ministério das Relações Exteriores"", ""Ministério de Minas e Energia"", ""Ministério do Desenvolvimento Agrário"", ""Ministério do Desenvolvimento, Indústria e Comércio Exterior"", ""Ministério do Meio Ambiente"", ""Ministério do Planejamento, Orçamento e Gestão"", ""Ministério dos Transportes"", ""Fórum Brasileiro de Mudanças Climáticas"", ""Comissão Interministerial de Mudança Global do Clima"", ""III Conferência Nacional do Meio Ambiente"", ""Fóruns Estaduais de Mudanças Climáticas"", ""Organizações da sociedade""]",110.pdf,doc_3f34d8804e58d74d
Grupo Interministerial de Propriedade Intelectual (GIPI),Grupo Interministerial de Propriedade Intelectual (GIPI),"[""Ministério da Economia"", ""OMPI (Genebra)"", ""ii Intelligence for Innovation Consulting""]","[""Ministério da Economia"", ""OMPI (Genebra)"", ""ii Intelligence for Innovation Consulting""]",111.pdf,doc_c7149c8644dd51ca
Governo de Minas Gerais,Governo de Minas Gerais,"[""Macroplan Prospectiva, Estratégia e Gestão""]","[""Macroplan Prospectiva, Estratégia e Gestão""]",112.pdf,doc_256037f6af1c55cf
Secretaria de Estado de Planejamento e Gestão - SEPLAG/MG,Secretaria de Estado de Planejamento e Gestão - SEPLAG/MG,"[""Conselho de Desenvolvimento Econômico e Social"", ""Macroplan Prospectiva, Estratégia & Gestão"", ""Assembléia Legislativa do Estado de Minas Gerais"", ""Associação Mineira de Municípios"", ""Universidade Estadual de Minas Gerais"", ""Universidade Federal de Minas Gerais"", ""Banco de Desenvolvimento de Minas Gerais"", ""Companhia Energética de Minas Gerais"", ""Fundação João Pinheiro"", ""Fundação Centro Tecnológico de Minas Gerais"", ""Empresa de Assistência Técnica e Extensão Rural do Estado de Minas Gerais"", ""Fundação Estadual do Meio Ambiente"", ""Companhia de Desenvolvimento Econômico de Minas Gerais"", ""Instituto de Desenvolvimento Integrado de Minas Gerais"", ""Fundação de Amparo à Pesquisa do Estado de Minas Gerais"", ""Federação das Indústrias do Estado de Minas Gerais"", ""Federação da Agricultura do Estado de Minas Gerais"", ""Associação Comercial de Minas"", ""Federação das Associações Comerciais, Industriais, Agropecuárias e de Serviços do Estado de Minas Gerais"", ""Centro Industrial e Empresarial de Minas Gerais"", ""Câmara de Dirigentes Lojistas de Belo Horizonte"", ""Federação dos Trabalhadores na Agricultura do Estado de Minas Gerais"", ""Coordenação Intersindical dos Trabalhadores no Serviço Público Estadual de Minas Gerais"", ""Federação das Empresas de Transportes de Carga do Estado de Minas Gerais"", ""Federação das Empresas de Transportes Rodoviários de Passageiros do Estado de Minas Gerais"", ""Organização das Cooperativas do Estado de Minas Gerais"", ""Serviço de Apoio às Micro e Pequenas Empresas de Minas Gerais"", ""Central Única dos Trabalhadores"", ""Social Democracia Sindical – Minas Gerais"", ""Força Sindical"", ""Confederação Geral dos Trabalhadores""]","[""Conselho de Desenvolvimento Econômico e Social"", ""Macroplan Prospectiva, Estratégia & Gestão"", ""Assembléia Legislativa do Estado de Minas Gerais"", ""Associação Mineira de Municípios"", ""Universidade Estadual de Minas Gerais"", ""Universidade Federal de Minas Gerais"", ""Banco de Desenvolvimento de Minas Gerais"", ""Companhia Energética de Minas Gerais"", ""Fundação João Pinheiro"", ""Fundação Centro Tecnológico de Minas Gerais"", ""Empresa de Assistência Técnica e Extensão Rural do Estado de Minas Gerais"", ""Fundação Estadual do Meio Ambiente"", ""Companhia de Desenvolvimento Econômico de Minas Gerais"", ""Instituto de Desenvolvimento Integrado de Minas Gerais"", ""Fundação de Amparo à Pesquisa do Estado de Minas Gerais"", ""Federação das Indústrias do Estado de Minas Gerais"", ""Federação da Agricultura do Estado de Minas Gerais"", ""Associação Comercial de Minas"", ""Federação das Associações Comerciais, Industriais, Agropecuárias e de Serviços do Estado de Minas Gerais"", ""Centro Industrial e Empresarial de Minas Gerais"", ""Câmara de Dirigentes Lojistas de Belo Horizonte"", ""Federação dos Trabalhadores na Agricultura do Estado de Minas Gerais"", ""Coordenação Intersindical dos Trabalhadores no Serviço Público Estadual de Minas Gerais"", ""Federação das Empresas de Transportes de Carga do Estado de Minas Gerais"", ""Federação das Empresas de Transportes Rodoviários de Passageiros do Estado de Minas Gerais"", ""Organização das Cooperativas do Estado de Minas Gerais"", ""Serviço de Apoio às Micro e Pequenas Empresas de Minas Gerais"", ""Central Única dos Trabalhadores"", ""Social Democracia Sindical – Minas Gerais"", ""Força Sindical"", ""Confederação Geral dos Trabalhadores""]",113.pdf,doc_4e41b20aa5c9d75d
Secretaria de Estado de Planejamento e Administração (SEPLAD),Secretaria de Estado de Planejamento e Administração (SEPLAD),"[""Fundação de Amparo e Desenvolvimento da Pesquisa (FADESP)"", ""Universidade Federal do Pará (UFPA)""]","[""Fundação de Amparo e Desenvolvimento da Pesquisa (FADESP)"", ""Universidade Federal do Pará (UFPA)""]",114.pdf,doc_18277649010fa600
Emplasa,Emplasa,[],[],115.pdf,doc_e8130e03db42559a
Empresa Paulista de Planejamento Metropolitano SA (Emplasa),Empresa Paulista de Planejamento Metropolitano SA (Emplasa),"[""Governo do Estado de São Paulo"", ""Secretaria Estadual da Casa Civil"", ""Fundação do Desenvolvimento Administrativo (Fundap)"", ""ONU-Habitat""]","[""Governo do Estado de São Paulo"", ""Secretaria Estadual da Casa Civil"", ""Fundação do Desenvolvimento Administrativo (Fundap)"", ""ONU-Habitat""]",116.pdf,doc_b725695f41463312
Emplasa,Emplasa,"[""Casa Civil"", ""Secretaria de Desenvolvimento Econômico, Ciência e Tecnologia"", ""Centro Paula Souza"", ""Investe SP"", ""Secretaria de Desenvolvimento Metropolitano"", ""AGEM - BS"", ""AGEMCAMP"", ""Secretaria de Energia"", ""CEPG"", ""EMAE"", ""Secretaria de Educação"", ""Secretaria da Fazenda"", ""CPP"", ""Secretaria de Habitação"", ""Casa Paulista"", ""CDHU"", ""Secretaria de Logística e Transportes"", ""DAESP"", ""DER"", ""DERSA"", ""DH/Docas de S. Sebastião"", ""Secretaria de Meio Ambiente"", ""CPLA"", ""Secretaria de Planejamento e Desenvolvimento Regional"", ""CEPAM"", ""SEADE"", ""Secretaria de Saneamento e Recursos Hídricos"", ""Daee"", ""Sabesp"", ""Secretaria de Transportes Metropolitanos"", ""CPTM"", ""EMTU"", ""Metrô""]","[""Casa Civil"", ""Secretaria de Desenvolvimento Econômico, Ciência e Tecnologia"", ""Centro Paula Souza"", ""Investe SP"", ""Secretaria de Desenvolvimento Metropolitano"", ""AGEM - BS"", ""AGEMCAMP"", ""Secretaria de Energia"", ""CEPG"", ""EMAE"", ""Secretaria de Educação"", ""Secretaria da Fazenda"", ""CPP"", ""Secretaria de Habitação"", ""Casa Paulista"", ""CDHU"", ""Secretaria de Logística e Transportes"", ""DAESP"", ""DER"", ""DERSA"", ""DH/Docas de S. Sebastião"", ""Secretaria de Meio Ambiente"", ""CPLA"", ""Secretaria de Planejamento e Desenvolvimento Regional"", ""CEPAM"", ""SEADE"", ""Secretaria de Saneamento e Recursos Hídricos"", ""Daee"", ""Sabesp"", ""Secretaria de Transportes Metropolitanos"", ""CPTM"", ""EMTU"", ""Metrô""]",117.pdf,doc_230d58c428799bb7
Secretaria da Casa Civil,Secretaria da Casa Civil,"[""Programa das Nações Unidas para Assentamentos Humanos (ONU-Habitat)"", ""BNDES"", ""Caixa Econômica Federal"", ""Banco do Brasil"", ""Secretaria da Habitação"", ""Casa Paulista"", ""Companhia de Desenvolvimento Habitacional e Urbano do Estado de São Paulo (CDHU)"", ""Unidade de Gestão do Projeto Serra do Mar"", ""Secretaria de Logística e Transportes"", ""Agência Reguladora de Serviços Públicos Delegados de Transporte do Estado de São Paulo (Artesp)"", ""Dersa – Desenvolvimento Rodoviário S/A"", ""Secretaria do Meio Ambiente"", ""Cetesb – Companhia Ambiental do Estado de São Paulo"", ""Coordenadoria de Planejamento Ambiental"", ""Secretaria de Planejamento e Desenvolvimento Regional"", ""Fundação Prefeito Faria Lima – Centro de Estudos e Pesquisas de Administração Municipal (Cepam)"", ""Fundação Sistema Estadual de Análise de Dados (Seade)"", ""Secretaria de Saneamento e Recursos Hídricos"", ""Departamento de Águas e Energia Elétrica (Daee)"", ""Companhia de Saneamento Básico do Estado de São Paulo (Sabesp)"", ""Secretaria da Segurança Pública"", ""Secretaria dos Transportes Metropolitanos"", ""Companhia Paulista de Trens Metropolitanos (CPTM)"", ""Empresa Metropolitana de Transportes Urbanos de São Paulo S/A (EMTU-SP)"", ""Companhia do Metropolitano de São Paulo (Metrô)"", ""Fundação do Desenvolvimento Administrativo (Fundap)""]","[""Programa das Nações Unidas para Assentamentos Humanos (ONU-Habitat)"", ""BNDES"", ""Caixa Econômica Federal"", ""Banco do Brasil"", ""Secretaria da Habitação"", ""Casa Paulista"", ""Companhia de Desenvolvimento Habitacional e Urbano do Estado de São Paulo (CDHU)"", ""Unidade de Gestão do Projeto Serra do Mar"", ""Secretaria de Logística e Transportes"", ""Agência Reguladora de Serviços Públicos Delegados de Transporte do Estado de São Paulo (Artesp)"", ""Dersa – Desenvolvimento Rodoviário S/A"", ""Secretaria do Meio Ambiente"", ""Cetesb – Companhia Ambiental do Estado de São Paulo"", ""Coordenadoria de Planejamento Ambiental"", ""Secretaria de Planejamento e Desenvolvimento Regional"", ""Fundação Prefeito Faria Lima – Centro de Estudos e Pesquisas de Administração Municipal (Cepam)"", ""Fundação Sistema Estadual de Análise de Dados (Seade)"", ""Secretaria de Saneamento e Recursos Hídricos"", ""Departamento de Águas e Energia Elétrica (Daee)"", ""Companhia de Saneamento Básico do Estado de São Paulo (Sabesp)"", ""Secretaria da Segurança Pública"", ""Secretaria dos Transportes Metropolitanos"", ""Companhia Paulista de Trens Metropolitanos (CPTM)"", ""Empresa Metropolitana de Transportes Urbanos de São Paulo S/A (EMTU-SP)"", ""Companhia do Metropolitano de São Paulo (Metrô)"", ""Fundação do Desenvolvimento Administrativo (Fundap)""]",118.pdf,doc_0aa337fd3de039dc
Empresa Paulista de Planejamento Metropolitano S/A (Emplasa),Empresa Paulista de Planejamento Metropolitano S/A (Emplasa),"[""Governo do Estado de São Paulo"", ""Secretaria Estadual da Casa Civil"", ""Conselho de Administração da Emplasa"", ""Secretaria da Segurança Pública"", ""Secretaria dos Transportes Metropolitanos"", ""Companhia Paulista de Trens Metropolitanos (CPTM)"", ""Empresa Metropolitana de Transportes Urbanos de São Paulo S/A (EMTU-SP)"", ""Companhia do Metropolitano de São Paulo (Metrô)"", ""Fundação do Desenvolvimento Administrativo (Fundap)"", ""Laboratório de Urbanismo da Metrópole"", ""Programa das Nações Unidas para Assentamentos Humanos (ONU-Habitat)"", ""BNDES"", ""Caixa Econômica Federal"", ""Banco do Brasil""]","[""Governo do Estado de São Paulo"", ""Secretaria Estadual da Casa Civil"", ""Conselho de Administração da Emplasa"", ""Secretaria da Segurança Pública"", ""Secretaria dos Transportes Metropolitanos"", ""Companhia Paulista de Trens Metropolitanos (CPTM)"", ""Empresa Metropolitana de Transportes Urbanos de São Paulo S/A (EMTU-SP)"", ""Companhia do Metropolitano de São Paulo (Metrô)"", ""Fundação do Desenvolvimento Administrativo (Fundap)"", ""Laboratório de Urbanismo da Metrópole"", ""Programa das Nações Unidas para Assentamentos Humanos (ONU-Habitat)"", ""BNDES"", ""Caixa Econômica Federal"", ""Banco do Brasil""]",119.pdf,doc_230de4d5108dfecb
Instituto de Planejamento de Fortaleza (Iplanfor),Instituto de Planejamento de Fortaleza (Iplanfor),"[""Ministério Público Estadual"", ""Governo do Estado do Ceará"", ""Fundação Cearense de Pesquisa e Cultura – FCPC"", ""Universidade Federal do Ceará – UFC"", ""Universidade Estadual do Ceará – Uece"", ""Universidade de Fortaleza – Unifor"", ""Câmara de Dirigentes Lojistas – CDL Fortaleza"", ""Federação da Câmara de Dirigentes Lojistas – FCDL"", ""Federação das Indústrias do Estado do Ceará – Fiec"", ""Conselho Regional de Arquitetura – Cau"", ""Conselho Regional de Engenharia e Agronomia – Crea"", ""Instituto de Arquitetos do Brasil – IAB"", ""Sindicato dos Engenheiros do Estado do Ceará – Senge"", ""Secretaria Regional do Centro - Serce"", ""Secretaria Regional I - Ser I"", ""Secretaria Regional II - Ser II"", ""Secretaria Regional III - Ser III"", ""Secretaria Regional IV - Ser IV"", ""Secretaria Regional V - Ser V"", ""Secretaria Regional VI - Ser VI"", ""Secretaria Municipal do Planejamento, Orçamento e Gestão - Sepog"", ""Secretaria Municipal das Finanças - Sefin"", ""Secretaria Municipal de Governo - Segov"", ""Procuradoria Geral do Município - PGM"", ""Controladoria e Ouvidoria Geral do Municipio - CGM"", ""Secretaria Municipal da Segurança Cidadã - Sesec"", ""Secretaria Municipal da Educação - SME"", ""Secretaria Municipal da Saúde - SMS"", ""Secretaria Municipal da Infraestrutura - Seinf"", ""Secretaria Municipal da Conservação e Serviços Públicos - SCSP"", ""Secretaria Municipal do Esporte e Lazer - Secel"", ""Secretaria Municipal do Desenvolvimento Econômico - SDE"", ""Secretaria Municipal do Urbanismo e Meio Ambiente - Seuma"", ""Secretaria Municipal do Turismo de Fortaleza - Setfor"", ""Secretaria Municipal do Trabalho, Desenvolvimento Social e Combate à Fome - Setra"", ""Secretaria Municipal da Cidadania e Direitos Humanos - SCDH"", ""Secretaria Municipal da Cultura de Fortaleza - Secultfor"", ""Secretaria Municipal do Desenvolvimento Habitacional de Fortaleza - Habitafor"", ""Coordenadoria Especial de Articulação Política - Coarp"", ""Coordenadoria Especial de Participação Social"", ""Coordenadoria Especial de Políticas Sobre Drogas"", ""Coordenadoria Especial de Políticas Públicas de Juventude"", ""Coordenadoria Especial de Articulação das Secretarias Regionais"", ""Coordenadoria Especial de Relações Internacionais e Federativas"", ""Fundação de Ciência, Tecnologia e Inovação de Fortaleza - Citinova"", ""Fundação da Criança e da Família Cidadã - Funci"", ""Instituto Municipal de Desenvolvimento de Recursos Humanos - Imparh"", ""Autarquia de Regularização, Fiscalização e Controle de Serviços Públicos de Saneamento Ambiental - Acfor"", ""Agência de Fiscalização de Fortaleza - Agefis"", ""Instituto de Previdência do Município - IPM"", ""Instituto Dr. José Frota - IJF"", ""Autarquia Municipal de Trânsito e Cidadania - AMC"", ""Instituto de Pesos e Medidas - Ipem"", ""Autarquia de Urbanismo e Paisagismo de Fortaleza - Urbfor"", ""Empresa de Transporte Urbano de Fortaleza - Etufor"", ""Companhia de Transporte Coletivo - CTC""]","[""Ministério Público Estadual"", ""Governo do Estado do Ceará"", ""Fundação Cearense de Pesquisa e Cultura – FCPC"", ""Universidade Federal do Ceará – UFC"", ""Universidade Estadual do Ceará – Uece"", ""Universidade de Fortaleza – Unifor"", ""Câmara de Dirigentes Lojistas – CDL Fortaleza"", ""Federação da Câmara de Dirigentes Lojistas – FCDL"", ""Federação das Indústrias do Estado do Ceará – Fiec"", ""Conselho Regional de Arquitetura – Cau"", ""Conselho Regional de Engenharia e Agronomia – Crea"", ""Instituto de Arquitetos do Brasil – IAB"", ""Sindicato dos Engenheiros do Estado do Ceará – Senge"", ""Secretaria Regional do Centro - Serce"", ""Secretaria Regional I - Ser I"", ""Secretaria Regional II - Ser II"", ""Secretaria Regional III - Ser III"", ""Secretaria Regional IV - Ser IV"", ""Secretaria Regional V - Ser V"", ""Secretaria Regional VI - Ser VI"", ""Secretaria Municipal do Planejamento, Orçamento e Gestão - Sepog"", ""Secretaria Municipal das Finanças - Sefin"", ""Secretaria Municipal de Governo - Segov"", ""Procuradoria Geral do Município - PGM"", ""Controladoria e Ouvidoria Geral do Municipio - CGM"", ""Secretaria Municipal da Segurança Cidadã - Sesec"", ""Secretaria Municipal da Educação - SME"", ""Secretaria Municipal da Saúde - SMS"", ""Secretaria Municipal da Infraestrutura - Seinf"", ""Secretaria Municipal da Conservação e Serviços Públicos - SCSP"", ""Secretaria Municipal do Esporte e Lazer - Secel"", ""Secretaria Municipal do Desenvolvimento Econômico - SDE"", ""Secretaria Municipal do Urbanismo e Meio Ambiente - Seuma"", ""Secretaria Municipal do Turismo de Fortaleza - Setfor"", ""Secretaria Municipal do Trabalho, Desenvolvimento Social e Combate à Fome - Setra"", ""Secretaria Municipal da Cidadania e Direitos Humanos - SCDH"", ""Secretaria Municipal da Cultura de Fortaleza - Secultfor"", ""Secretaria Municipal do Desenvolvimento Habitacional de Fortaleza - Habitafor"", ""Coordenadoria Especial de Articulação Política - Coarp"", ""Coordenadoria Especial de Participação Social"", ""Coordenadoria Especial de Políticas Sobre Drogas"", ""Coordenadoria Especial de Políticas Públicas de Juventude"", ""Coordenadoria Especial de Articulação das Secretarias Regionais"", ""Coordenadoria Especial de Relações Internacionais e Federativas"", ""Fundação de Ciência, Tecnologia e Inovação de Fortaleza - Citinova"", ""Fundação da Criança e da Família Cidadã - Funci"", ""Instituto Municipal de Desenvolvimento de Recursos Humanos - Imparh"", ""Autarquia de Regularização, Fiscalização e Controle de Serviços Públicos de Saneamento Ambiental - Acfor"", ""Agência de Fiscalização de Fortaleza - Agefis"", ""Instituto de Previdência do Município - IPM"", ""Instituto Dr. José Frota - IJF"", ""Autarquia Municipal de Trânsito e Cidadania - AMC"", ""Instituto de Pesos e Medidas - Ipem"", ""Autarquia de Urbanismo e Paisagismo de Fortaleza - Urbfor"", ""Empresa de Transporte Urbano de Fortaleza - Etufor"", ""Companhia de Transporte Coletivo - CTC""]",120.pdf,doc_1d4e875970f6486b
Prefeitura de Belo Horizonte,Prefeitura de Belo Horizonte,"[""Macroplan, Prospectiva, Estratégia & Gestão""]","[""Macroplan, Prospectiva, Estratégia & Gestão""]",121.pdf,doc_1459edf6cae895a7
Secretaria de Estado de Planejamento e Desenvolvimento Econômico (SEPLAN),Secretaria de Estado de Planejamento e Desenvolvimento Econômico (SEPLAN),"[""Companhia de Desenvolvimento do Estado do Amazonas (CIAMA)"", ""Fundação de Amparo à Pesquisa do Estado do Amazonas (FAPEAM)""]","[""Companhia de Desenvolvimento do Estado do Amazonas (CIAMA)"", ""Fundação de Amparo à Pesquisa do Estado do Amazonas (FAPEAM)""]",122.pdf,doc_656f22c42109b411
GOI GOIAS – Secretaria de Gestão e Planejamento do Estado de Goiás,GOI GOIAS – Secretaria de Gestão e Planejamento do Estado de Goiás,"[""Programa Nacional de Apoio à Modernização da Gestão e do Planejamento dos Estados Brasileiros e do Distrito Federal (PNAGE)"", ""Conselho Nacional de Secretários de Administração (CONSAD)"", ""Fórum Nacional de Secretários de Planejamento"", ""Banco Interamericano de Desenvolvimento (BID)"", ""Caixa Econômica Federal"", ""Ministério do Planejamento, Orçamento e Gestão (MPOG)"", ""SAGRES – Política e Gestão Estratégica Aplicadas"", ""Menthor Consult"", ""Marvel Consulting"", ""SLA Consultoria em Estratégia""]","[""Programa Nacional de Apoio à Modernização da Gestão e do Planejamento dos Estados Brasileiros e do Distrito Federal (PNAGE)"", ""Conselho Nacional de Secretários de Administração (CONSAD)"", ""Fórum Nacional de Secretários de Planejamento"", ""Banco Interamericano de Desenvolvimento (BID)"", ""Caixa Econômica Federal"", ""Ministério do Planejamento, Orçamento e Gestão (MPOG)"", ""SAGRES – Política e Gestão Estratégica Aplicadas"", ""Menthor Consult"", ""Marvel Consulting"", ""SLA Consultoria em Estratégia""]",123.pdf,doc_798976ba95a07847
SEPLAN,SEPLAN,"[""Governo do Estado do Rio Grande do Norte"", ""BIRD 8276-BR/Projeto RN Sustentável"", ""Instituto Publix""]","[""Governo do Estado do Rio Grande do Norte"", ""BIRD 8276-BR/Projeto RN Sustentável"", ""Instituto Publix""]",124.pdf,doc_145b79abcfa91a17
"Ministério do Desenvolvimento e Assistência Social, Família e Combate à Fome","Ministério do Desenvolvimento e Assistência Social, Família e Combate à Fome","[""Câmara Interministerial de Segurança Alimentar e Nutricional (CAISAN)"", ""Conselho Nacional de Segurança Alimentar e Nutricional (CONSEA)"", ""Secretaria-Geral da Presidência da República"", ""Casa Civil da Presidência da República"", ""Ministério da Fazenda"", ""Ministério do Planejamento e Orçamento"", ""Ministério do Desenvolvimento Agrário e Agricultura Familiar"", ""Ministério da Saúde"", ""Ministério da Educação"", ""Ministério da Agricultura e Pecuária"", ""Ministério do Trabalho e Emprego"", ""Ministério da Pesca e Aquicultura"", ""Ministério do Meio Ambiente e Mudança do Clima"", ""Ministério dos Direitos Humanos e da Cidadania"", ""Ministério das Mulheres"", ""Ministério da Igualdade Racial"", ""Ministério dos Povos Indígenas"", ""Ministério das Relações Exteriores"", ""Ministério das Cidades"", ""Ministério da Integração e Desenvolvimento Regional"", ""Ministério da Ciência, Tecnologia e Inovação"", ""Ministério da Previdência Social"", ""Ministério da Cultura"", ""Ministério da Justiça e Segurança Pública"", ""Ministério da Gestão e da Inovação em Serviços Públicos"", ""CONAB"", ""INCRA"", ""Embrapa"", ""Fundo Nacional de Desenvolvimento da Educação (FNDE)""]","[""Câmara Interministerial de Segurança Alimentar e Nutricional (CAISAN)"", ""Conselho Nacional de Segurança Alimentar e Nutricional (CONSEA)"", ""Secretaria-Geral da Presidência da República"", ""Casa Civil da Presidência da República"", ""Ministério da Fazenda"", ""Ministério do Planejamento e Orçamento"", ""Ministério do Desenvolvimento Agrário e Agricultura Familiar"", ""Ministério da Saúde"", ""Ministério da Educação"", ""Ministério da Agricultura e Pecuária"", ""Ministério do Trabalho e Emprego"", ""Ministério da Pesca e Aquicultura"", ""Ministério do Meio Ambiente e Mudança do Clima"", ""Ministério dos Direitos Humanos e da Cidadania"", ""Ministério das Mulheres"", ""Ministério da Igualdade Racial"", ""Ministério dos Povos Indígenas"", ""Ministério das Relações Exteriores"", ""Ministério das Cidades"", ""Ministério da Integração e Desenvolvimento Regional"", ""Ministério da Ciência, Tecnologia e Inovação"", ""Ministério da Previdência Social"", ""Ministério da Cultura"", ""Ministério da Justiça e Segurança Pública"", ""Ministério da Gestão e da Inovação em Serviços Públicos"", ""CONAB"", ""INCRA"", ""Embrapa"", ""Fundo Nacional de Desenvolvimento da Educação (FNDE)""]",125.pdf,doc_393920afed57966a
"Ministério do Meio Ambiente e Mudança do Clima, Ministério da Ciência, Tecnologia e Inovação, Casa Civil da Presidência da República","Ministério do Meio Ambiente e Mudança do Clima, Ministério da Ciência, Tecnologia e Inovação, Casa Civil da Presidência da República","[""Banco Interamericano de Desenvolvimento (BID)"", ""Deutsche Gesellschaft für Internationale Zusammenarbeit (GIZ) GmbH"", ""Global Environment Facility (GEF)"", ""Programa das Nações Unidas para o Desenvolvimento (PNUD)"", ""Programa das Nações Unidas para o Meio Ambiente (PNUMA)"", ""Climate and Clean Air Coalition (CCAC)"", ""Global Methane Hub (GMH)"", ""Initiative for Climate Action Transparency (ICAT)"", ""Iniciativa Internacional para o Clima (IKI)"", ""Ministério Federal do Meio Ambiente, Ação Climática, Conservação da Natureza e Segurança Nuclear (BMUKN)""]","[""Banco Interamericano de Desenvolvimento (BID)"", ""Deutsche Gesellschaft für Internationale Zusammenarbeit (GIZ) GmbH"", ""Global Environment Facility (GEF)"", ""Programa das Nações Unidas para o Desenvolvimento (PNUD)"", ""Programa das Nações Unidas para o Meio Ambiente (PNUMA)"", ""Climate and Clean Air Coalition (CCAC)"", ""Global Methane Hub (GMH)"", ""Initiative for Climate Action Transparency (ICAT)"", ""Iniciativa Internacional para o Clima (IKI)"", ""Ministério Federal do Meio Ambiente, Ação Climática, Conservação da Natureza e Segurança Nuclear (BMUKN)""]",126.pdf,doc_a83622f2e4c771d5
República Federativa do Brasil e Programa das Nações Unidas para o Desenvolvimento (PNUD),República Federativa do Brasil e Programa das Nações Unidas para o Desenvolvimento (PNUD),"[""Ministério da Gestão e da Inovação em Serviços Públicos (MGI)""]","[""Ministério da Gestão e da Inovação em Serviços Públicos (MGI)""]",127.pdf,doc_968fcc15b369e525
"Ministério da Ciência, Tecnologia e Inovação (MCTI)","Ministério da Ciência, Tecnologia e Inovação (MCTI)","[""Academia Brasileira de Ciências"", ""Sociedade Brasileira para o Progresso da Ciência"", ""Confederação Nacional da Indústria"", ""Universidade Federal do ABC"", ""Conselho Nacional de Desenvolvimento Científico e Tecnológico"", ""Financiadora de Estudos e Projetos"", ""Conselho Nacional das Fundações Estaduais de Amparo à Pesquisa"", ""Conselho Nacional de Secretários para Assuntos de Ciência, Tecnologia e Inovação"", ""Associação Nacional de Pesquisa e Desenvolvimento das Empresas Inovadoras"", ""Associação Nacional de Pós-Graduandos"", ""Associação Nacional dos Dirigentes das Instituições Federais de Ensino Superior""]","[""Academia Brasileira de Ciências"", ""Sociedade Brasileira para o Progresso da Ciência"", ""Confederação Nacional da Indústria"", ""Universidade Federal do ABC"", ""Conselho Nacional de Desenvolvimento Científico e Tecnológico"", ""Financiadora de Estudos e Projetos"", ""Conselho Nacional das Fundações Estaduais de Amparo à Pesquisa"", ""Conselho Nacional de Secretários para Assuntos de Ciência, Tecnologia e Inovação"", ""Associação Nacional de Pesquisa e Desenvolvimento das Empresas Inovadoras"", ""Associação Nacional de Pós-Graduandos"", ""Associação Nacional dos Dirigentes das Instituições Federais de Ensino Superior""]",128.pdf,doc_00bb4278a9f6d3d9
Governo do Estado do Mato Grosso,Governo do Estado do Mato Grosso,[],[],129.pdf,doc_f7abc338c83ff05e
Governo do Estado de Mato Grosso,Governo do Estado de Mato Grosso,"[""Multivisão""]","[""Multivisão""]",130.pdf,doc_1fc1aa55b52a41de
Governo do Estado do Mato Grosso,Governo do Estado do Mato Grosso,"[""Secretaria de Estado de Meio Ambiente (SEMA)"", ""Secretaria de Estado de Esporte e Lazer (SEEL)"", ""Secretaria de Estado de Cultura (SEC)"", ""Secretaria de Estado de Ciência e Tecnologia (SECITEC)"", ""Secretaria de Estado das Cidades (SECID)"", ""Secretaria Extraordinária de Estado de Acompanhamento da Logística Intermodal de Transportes (SELIT)"", ""Procuradoria Geral de Justiça (PGJ)"", ""Casa Militar"", ""Defensoria Pública"", ""Policia Rodoviária Federal (PRF)"", ""Secretaria Extraordinária da Copa do Mundo - FIFA 2014"", ""Escola de Governo"", ""Fundação Universidade do Estado de Mato Grosso (UNEMAT)"", ""Agência Estadual de Serviços Públicos Delegados do Estado de Mato Grosso (AGER)"", ""Empresa Mato-Grossense de Pesquisa, Assistência e Extensão Rural (EMPAER)"", ""Instituto de Metrologia e Qualidade de Mato Grosso (IMEQ)"", ""Instituto de Terras de Mato Grosso (INTERMAT)"", ""Companhia de Mato-Grossense de Mineração (METAMAT)"", ""Junta Comercial do Estado de Mato Grosso (JUCEMAT)"", ""Agência de Fomento do Estado de Mato Grosso S.A (MT FOMENTO)"", ""Centro de Processamento de Dados do Estado de Mato Grosso (CEPROMAT)"", ""Assembléia Legislativa (AL)"", ""Tribunal de Justiça (TJ)"", ""Tribunal de Contas do Estado (TCE)"", ""Universidade Federal de Mato Grosso (UFMT)"", ""Serviço Brasileiro de Apoio às Micro e Pequenas Empresas (SEBRAE)"", ""Federação das Indústrias do Estado de Mato Grosso (FIEMT)"", ""Empresa Estatal de Pesquisas Agropecuárias (EMBRAPA)"", ""Auditoria Geral do Estado de Mato Grosso (AGE)"", ""Associação dos Geólogos de Mato Grosso (AGEMAT)"", ""Instituto Acácia de Agricultura Familiar (IAAF)"", ""Fundação da Criança e do Adolescente (FUNAC)"", ""Fundação Nova Chance (FUNAC)"", ""Instituto do Patrimônio Histórico e Artístico Nacional (IPHAN)"", ""Departamento Estadual de Transito (DETRAN)"", ""Conselho Estadual de Entorpecentes (CONEN)"", ""Fundação de Amparo a Pesquisa do Estado de Mato Grosso (FAPEMAT)"", ""Rede Mato-grossense de Educação Ambiental (REMTEA)"", ""Grupo de Trabalho Mobilização Social (GTMS)"", ""Multivisão""]","[""Secretaria de Estado de Meio Ambiente (SEMA)"", ""Secretaria de Estado de Esporte e Lazer (SEEL)"", ""Secretaria de Estado de Cultura (SEC)"", ""Secretaria de Estado de Ciência e Tecnologia (SECITEC)"", ""Secretaria de Estado das Cidades (SECID)"", ""Secretaria Extraordinária de Estado de Acompanhamento da Logística Intermodal de Transportes (SELIT)"", ""Procuradoria Geral de Justiça (PGJ)"", ""Casa Militar"", ""Defensoria Pública"", ""Policia Rodoviária Federal (PRF)"", ""Secretaria Extraordinária da Copa do Mundo - FIFA 2014"", ""Escola de Governo"", ""Fundação Universidade do Estado de Mato Grosso (UNEMAT)"", ""Agência Estadual de Serviços Públicos Delegados do Estado de Mato Grosso (AGER)"", ""Empresa Mato-Grossense de Pesquisa, Assistência e Extensão Rural (EMPAER)"", ""Instituto de Metrologia e Qualidade de Mato Grosso (IMEQ)"", ""Instituto de Terras de Mato Grosso (INTERMAT)"", ""Companhia de Mato-Grossense de Mineração (METAMAT)"", ""Junta Comercial do Estado de Mato Grosso (JUCEMAT)"", ""Agência de Fomento do Estado de Mato Grosso S.A (MT FOMENTO)"", ""Centro de Processamento de Dados do Estado de Mato Grosso (CEPROMAT)"", ""Assembléia Legislativa (AL)"", ""Tribunal de Justiça (TJ)"", ""Tribunal de Contas do Estado (TCE)"", ""Universidade Federal de Mato Grosso (UFMT)"", ""Serviço Brasileiro de Apoio às Micro e Pequenas Empresas (SEBRAE)"", ""Federação das Indústrias do Estado de Mato Grosso (FIEMT)"", ""Empresa Estatal de Pesquisas Agropecuárias (EMBRAPA)"", ""Auditoria Geral do Estado de Mato Grosso (AGE)"", ""Associação dos Geólogos de Mato Grosso (AGEMAT)"", ""Instituto Acácia de Agricultura Familiar (IAAF)"", ""Fundação da Criança e do Adolescente (FUNAC)"", ""Fundação Nova Chance (FUNAC)"", ""Instituto do Patrimônio Histórico e Artístico Nacional (IPHAN)"", ""Departamento Estadual de Transito (DETRAN)"", ""Conselho Estadual de Entorpecentes (CONEN)"", ""Fundação de Amparo a Pesquisa do Estado de Mato Grosso (FAPEMAT)"", ""Rede Mato-grossense de Educação Ambiental (REMTEA)"", ""Grupo de Trabalho Mobilização Social (GTMS)"", ""Multivisão""]",131.pdf,doc_4159b04cccad632e
Governo do Estado de Mato Grosso,Governo do Estado de Mato Grosso,"[""Multivisão"", ""Secretaria de Estado de Planejamento e Coordenação Geral (SEPLAN)"", ""Secretaria de Estado de Administração (SAD)""]","[""Multivisão"", ""Secretaria de Estado de Planejamento e Coordenação Geral (SEPLAN)"", ""Secretaria de Estado de Administração (SAD)""]",132.pdf,doc_6e9a7095cd2d322d
Secretaria de Estado de Planejamento e Coordenação Geral,Secretaria de Estado de Planejamento e Coordenação Geral,"[""Secretaria de Estado de Esporte e Lazer (Seel)"", ""Secretaria de Estado de Cultura (SEC)"", ""Secretaria de Estado de Ciência e Tecnologia (Secitec)"", ""Secretaria de Estado das Cidades (Secid)"", ""Secretaria Extraordinária de Estado de Acompanhamento da Logística Intermodal de Transportes (Selit)"", ""Procuradoria Geral de Justiça (PGJ)"", ""Casa Militar"", ""Defensoria Pública"", ""Policia Rodoviária Federal (PRF)"", ""Secretaria Extraordinária da Copa do Mundo – Fifa 2014"", ""Escola de Governo"", ""Fundação Universidade do Estado de Mato Grosso (Unemat)"", ""Agência Estadual de Serviços Públicos Delegados do Estado de Mato Grosso (Ager)"", ""Empresa Mato-Grossense de Pesquisa, Assistência e Extensão Rural (Empaer)"", ""Instituto de Metrologia e Qualidade de Mato Grosso (Imeq)"", ""Instituto de Terras de Mato Grosso (Intermat)"", ""Companhia de Mato-Grossense de Mineração (Metamat)"", ""Junta Comercial do Estado de Mato Grosso (Jucemat)"", ""Agência de Fomento do Estado de Mato Grosso S.A (MT Fomento)"", ""Centro de Processamento de Dados do Estado de Mato Grosso (Cepromat)"", ""Assembleia Legislativa (AL)"", ""Tribunal de Justiça (TJ)"", ""Tribunal de Contas do Estado (TCE)"", ""Universidade Federal de Mato Grosso (UFMT)"", ""Serviço Brasileiro de Apoio às Micro e Pequenas Empresas (Sebrae)"", ""Federação das Indústrias do Estado de Mato Grosso (Fiemt)"", ""Empresa Estatal de Pesquisas Agropecuárias (Embrapa)"", ""Auditoria Geral do Estado de Mato Grosso (Age)"", ""Instituto Acácia de Agricultura Familiar (Iaaf)"", ""Fundação da Criança e do Adolescente (Funac)"", ""Fundação Nova Chance (Funac)"", ""Instituto do Patrimônio Histórico e Artístico Nacional (Iphan)"", ""Departamento Estadual de Transito (Detran)"", ""Conselho Estadual de Entorpecentes (Conen)"", ""Fundação de Amparo a Pesquisa do Estado de Mato Grosso (Fapemat)"", ""Multivisão"", ""Central de Texto""]","[""Secretaria de Estado de Esporte e Lazer (Seel)"", ""Secretaria de Estado de Cultura (SEC)"", ""Secretaria de Estado de Ciência e Tecnologia (Secitec)"", ""Secretaria de Estado das Cidades (Secid)"", ""Secretaria Extraordinária de Estado de Acompanhamento da Logística Intermodal de Transportes (Selit)"", ""Procuradoria Geral de Justiça (PGJ)"", ""Casa Militar"", ""Defensoria Pública"", ""Policia Rodoviária Federal (PRF)"", ""Secretaria Extraordinária da Copa do Mundo – Fifa 2014"", ""Escola de Governo"", ""Fundação Universidade do Estado de Mato Grosso (Unemat)"", ""Agência Estadual de Serviços Públicos Delegados do Estado de Mato Grosso (Ager)"", ""Empresa Mato-Grossense de Pesquisa, Assistência e Extensão Rural (Empaer)"", ""Instituto de Metrologia e Qualidade de Mato Grosso (Imeq)"", ""Instituto de Terras de Mato Grosso (Intermat)"", ""Companhia de Mato-Grossense de Mineração (Metamat)"", ""Junta Comercial do Estado de Mato Grosso (Jucemat)"", ""Agência de Fomento do Estado de Mato Grosso S.A (MT Fomento)"", ""Centro de Processamento de Dados do Estado de Mato Grosso (Cepromat)"", ""Assembleia Legislativa (AL)"", ""Tribunal de Justiça (TJ)"", ""Tribunal de Contas do Estado (TCE)"", ""Universidade Federal de Mato Grosso (UFMT)"", ""Serviço Brasileiro de Apoio às Micro e Pequenas Empresas (Sebrae)"", ""Federação das Indústrias do Estado de Mato Grosso (Fiemt)"", ""Empresa Estatal de Pesquisas Agropecuárias (Embrapa)"", ""Auditoria Geral do Estado de Mato Grosso (Age)"", ""Instituto Acácia de Agricultura Familiar (Iaaf)"", ""Fundação da Criança e do Adolescente (Funac)"", ""Fundação Nova Chance (Funac)"", ""Instituto do Patrimônio Histórico e Artístico Nacional (Iphan)"", ""Departamento Estadual de Transito (Detran)"", ""Conselho Estadual de Entorpecentes (Conen)"", ""Fundação de Amparo a Pesquisa do Estado de Mato Grosso (Fapemat)"", ""Multivisão"", ""Central de Texto""]",133.pdf,doc_9e5b698532a5d164
Governo do Estado,Governo do Estado,"[""MBC-Movimento Brasil Competitivo"", ""Consórcio “Pernambuco do Amanhã”"", ""MACROPLAN- Prospectiva, Estratégia & Gestão"", ""TGI – Consultoria em Gestão"", ""CEPLAN – Consultoria Econômica e Planejamento""]","[""MBC-Movimento Brasil Competitivo"", ""Consórcio “Pernambuco do Amanhã”"", ""MACROPLAN- Prospectiva, Estratégia & Gestão"", ""TGI – Consultoria em Gestão"", ""CEPLAN – Consultoria Econômica e Planejamento""]",134.pdf,doc_1ba77fefa2464ac1
Governo do Estado de Pernambuco,Governo do Estado de Pernambuco,"[""Setor privado"", ""MBC-Movimento Brasil Competitivo"", ""MACROPLAN | Prospectiva, Estratégia & Gestão"", ""CEPLAN | Consultoria Econômica e Planejamento"", ""TGI | Consultoria em Gestão""]","[""Setor privado"", ""MBC-Movimento Brasil Competitivo"", ""MACROPLAN | Prospectiva, Estratégia & Gestão"", ""CEPLAN | Consultoria Econômica e Planejamento"", ""TGI | Consultoria em Gestão""]",135.pdf,doc_8f590a73e1446557
Governo do Estado de Pernambuco,Governo do Estado de Pernambuco,[],[],137.pdf,doc_dec88a72c42c2413
Diagonal,Diagonal,[],[],138.pdf,doc_5ff468ff6a687031
Governo do Estado do Piauí,Governo do Estado do Piauí,"[""Diagonal Empreendimento e Gestão de Negócios Ltda.""]","[""Diagonal Empreendimento e Gestão de Negócios Ltda.""]",139.pdf,doc_c585ee70cf1ff25e
Diagonal Empreendimentos e Gestão de Negócios Ltda.,Diagonal Empreendimentos e Gestão de Negócios Ltda.,"[""Secretaria de Planejamento do Estado do Piauí (SEPLAN/PI)""]","[""Secretaria de Planejamento do Estado do Piauí (SEPLAN/PI)""]",140.pdf,doc_6c9ba59f4dd011b7
Secretaria de Estado do Planejamento – SEPLAN,Secretaria de Estado do Planejamento – SEPLAN,"[""PROGRAMA DAS NAÇÕES UNIDAS PARA O DESENVOLVIMENTO (PNUD)"", ""Agência de Fomento e Desenvolvimento do Estado do Piauí – Piauí Fomento"", ""Assentamento Brejinho em Campo Maior"", ""Assentamento Novo Zabelê, São Raimundo Nonato"", ""Assentamento Paraíso, Pedro II"", ""Assentamento Terra Ativa, Batalha"", ""Assentamento Vista Alegre, Oeiras"", ""Associação Central dos Irrigantes do Perímetro Irrigado Platôs de Guadalupe – ACIPE"", ""Associação Comunidade Quilombo Lagoas, São Raimundo Nonato"", ""Associação da Mata dos Morenos, Regeneração"", ""Associação das Escolas-família Agrícola do Piauí – AEFAPI"", ""Associação das Mulheres Quebradeiras de Coco, Miguel Alves"", ""Associação de Barra Bonita"", ""Associação de Mulheres Fortes, Betânia do Piauí"", ""Associação de Produtores de Tucuns de Uruçuí"", ""Associação de Produtores do Assentamento Tabocas em Currais"", ""Associação dos Criadores de Ovinos e Caprinos – ASCOPAM"", ""Associação dos Criadores de Ovinos e Caprinos do Município de Betânia do Piauí – ASCOBETÂNIA"", ""Associação dos Produtores Agroecológicos do Semiárido Piauiense – APASPI"", ""Associação Lagoa do Juá"", ""Associação Mulheres Produtoras Rurais"", ""Associação Traçados, Ilha Grande do Piauí"", ""Cajuína Cristal"", ""Câmara dos Dirigentes Lojistas – CDL de Oeiras"", ""Câmaras Setoriais"", ""Caritas Diocesana de São Raimundo Nonato"", ""Central de Cooperativas Apícolas do Semiárido Brasileiro – Casa APIS"", ""Centro Colaborador em Alimentação e Nutrição Escolar – CECANE/UFPI"", ""Centro de Educação Ambiental e Assessoria – CEAA"", ""Cerâmica Serra da Capivara"", ""Comapi"", ""Comunidade Serra do Inácio"", ""Comunidade Trás da Serra, São Francisco de Assis"", ""Conselhos de Desenvolvimento Territorial"", ""Cooperativa de Catadores de Oeiras"", ""Cooperativa de Catadores de Piripiri"", ""Cooperativa dos Produtores e produtoras Rurais da Chapada do Rio Itaim – COOVITA"", ""Cooperativa Mel do Sertão"", ""Coordenadoria Estadual de Política para as Mulheres – CEPM"", ""Departamento de Estradas de Rodagem – DER"", ""Distrito de Irrigação Tabuleiros Litorâneos do Piauí – DITALPI"", ""Eco Adventure"", ""Empresa Brasileira de Pesquisa Agropecuária – EMBRAPA"", ""Empresa de Águas e Esgotos do Piauí S/A – AGESPISA"", ""Empresa de Gestão de Recursos do Estado – EMGERPI"", ""Equatorial Energia"", ""Ferrovia Transnordestina Logística"", ""Fraternidade São Francisco de Assis"", ""Instituto Chico Mendes de Conservação da Biodiversidade – ICMBio"", ""Instituto de Assistência Técnica e Extensão Rural do Piauí – EMATER"", ""Instituto de Desenvolvimento do Piauí – IDEPI"", ""Instituto de Terras do Piauí – INTERPI"", ""Instituto Federal de Educação, Ciência e Tecnologia do Piauí – IFPI"", ""Instituto Presente"", ""Investe Piauí"", ""Mel Wenzel"", ""Ministério Público Oeiras"", ""Parque Nacional da Serra da Capivara"", ""Parque Nacional da Serra das Confusões"", ""Pousada da Serra da Capivara"", ""Prefeitura Municipal de Amarante"", ""Prefeitura Municipal de Betânia"", ""Prefeitura Municipal de Bom Jesus"", ""Prefeitura Municipal de Brasileira"", ""Prefeitura Municipal de Campo Maior"", ""Prefeitura Municipal de Caracol"", ""Prefeitura Municipal de Castelo do Piauí"", ""Prefeitura Municipal de Guadalupe"", ""Prefeitura Municipal de Eliseu Martins"", ""Prefeitura Municipal de Oeiras"", ""Prefeitura Municipal de Parnaíba"", ""Prefeitura Municipal de Paulistana"", ""Prefeitura Municipal de Pedro II"", ""Prefeitura Municipal de Piracuruca"", ""Prefeitura Municipal de Piripiri"", ""Prefeitura Municipal de Regeneração"", ""Prefeitura Municipal de São Raimundo Nonato"", ""Prefeitura Municipal de Simplício Mendes"", ""Prefeitura Municipal de Uruçuí"", ""Projeto de Psicultura do Soizão, Oeiras"", ""Projeto Peixe Boi, Cajueiro da Praia"", ""Quilombo Lagoas"", ""Quilombo Mimbó, Amarante"", ""Secretaria de Agricultura Familiar – SAF"", ""Secretaria de Desenvolvimento Econômico – SDE"", ""Secretaria de Estado da Educação – SEDUC"", ""Secretaria de Estado da Saúde – SESAPI"", ""Secretaria de Estado de Assistência Social e Cidadania – SASC"", ""Secretaria de Estado de Infraestrutura – SEINFRA"", ""Secretaria de Estado de Meio Ambiente e Recursos Hídricos – SEMAR"", ""Secretaria de Estado de Transportes – SETUR"", ""Secretaria de Estado do Planejamento – SEPLAN"", ""Serviço Brasileiro de Apoio às Micro e Pequenas Empresas – SEBRAE"", ""Sindicato da Pesca de Parnaíba"", ""Sindicato de Trabalhadores e Trabalhadoras Rurais de Bom Jesus"", ""Sindicato de Trabalhadores Rurais de Amarante"", ""Sindicato de Trabalhadores Rurais de Betânia"", ""Sindicato de Trabalhadores Rurais de Oeiras"", ""Sindicato de Trabalhadores Rurais de Parnaíba"", ""Sindicato de Trabalhadores Rurais de Paulistana"", ""Sindicato de Trabalhadores Rurais de Piripiri"", ""Sindicato de Trabalhadores Rurais de Raimundo Nonato"", ""Sindicato de Trabalhadores Rurais de Regeneração"", ""Sindicato dos Trabalhadores e Trabalhadoras Rurais de Assunção do Piauí"", ""Sindicato dos Trabalhadores e Trabalhadoras Rurais de Eliseu Martins"", ""Sindicato dos Trabalhadores e Trabalhadoras Rurais de Uruçuí"", ""Sindicato dos Trabalhadores Rurais de Miguel Alves"", ""Sindicato dos Trabalhadores Rurais de Pedro II"", ""Sindicato dos Trabalhadores Rurais de São Francisco de Assis"", ""Superintendência de Estudos Econômicos e Sociais – CEPRO"", ""Superintendência de Parcerias e Concessões – SUPARC"", ""Superintendência do Turismo"", ""Universidade Federal do Delta do Parnaíba – UFDPar"", ""Usina Eólica Pedra do Sal"", ""Zona de Processamento de Exportações – ZPE"", ""Universidades presentes no estado"", ""Organizações não governamentais (ONGs)""]","[""PROGRAMA DAS NAÇÕES UNIDAS PARA O DESENVOLVIMENTO (PNUD)"", ""Agência de Fomento e Desenvolvimento do Estado do Piauí – Piauí Fomento"", ""Assentamento Brejinho em Campo Maior"", ""Assentamento Novo Zabelê, São Raimundo Nonato"", ""Assentamento Paraíso, Pedro II"", ""Assentamento Terra Ativa, Batalha"", ""Assentamento Vista Alegre, Oeiras"", ""Associação Central dos Irrigantes do Perímetro Irrigado Platôs de Guadalupe – ACIPE"", ""Associação Comunidade Quilombo Lagoas, São Raimundo Nonato"", ""Associação da Mata dos Morenos, Regeneração"", ""Associação das Escolas-família Agrícola do Piauí – AEFAPI"", ""Associação das Mulheres Quebradeiras de Coco, Miguel Alves"", ""Associação de Barra Bonita"", ""Associação de Mulheres Fortes, Betânia do Piauí"", ""Associação de Produtores de Tucuns de Uruçuí"", ""Associação de Produtores do Assentamento Tabocas em Currais"", ""Associação dos Criadores de Ovinos e Caprinos – ASCOPAM"", ""Associação dos Criadores de Ovinos e Caprinos do Município de Betânia do Piauí – ASCOBETÂNIA"", ""Associação dos Produtores Agroecológicos do Semiárido Piauiense – APASPI"", ""Associação Lagoa do Juá"", ""Associação Mulheres Produtoras Rurais"", ""Associação Traçados, Ilha Grande do Piauí"", ""Cajuína Cristal"", ""Câmara dos Dirigentes Lojistas – CDL de Oeiras"", ""Câmaras Setoriais"", ""Caritas Diocesana de São Raimundo Nonato"", ""Central de Cooperativas Apícolas do Semiárido Brasileiro – Casa APIS"", ""Centro Colaborador em Alimentação e Nutrição Escolar – CECANE/UFPI"", ""Centro de Educação Ambiental e Assessoria – CEAA"", ""Cerâmica Serra da Capivara"", ""Comapi"", ""Comunidade Serra do Inácio"", ""Comunidade Trás da Serra, São Francisco de Assis"", ""Conselhos de Desenvolvimento Territorial"", ""Cooperativa de Catadores de Oeiras"", ""Cooperativa de Catadores de Piripiri"", ""Cooperativa dos Produtores e produtoras Rurais da Chapada do Rio Itaim – COOVITA"", ""Cooperativa Mel do Sertão"", ""Coordenadoria Estadual de Política para as Mulheres – CEPM"", ""Departamento de Estradas de Rodagem – DER"", ""Distrito de Irrigação Tabuleiros Litorâneos do Piauí – DITALPI"", ""Eco Adventure"", ""Empresa Brasileira de Pesquisa Agropecuária – EMBRAPA"", ""Empresa de Águas e Esgotos do Piauí S/A – AGESPISA"", ""Empresa de Gestão de Recursos do Estado – EMGERPI"", ""Equatorial Energia"", ""Ferrovia Transnordestina Logística"", ""Fraternidade São Francisco de Assis"", ""Instituto Chico Mendes de Conservação da Biodiversidade – ICMBio"", ""Instituto de Assistência Técnica e Extensão Rural do Piauí – EMATER"", ""Instituto de Desenvolvimento do Piauí – IDEPI"", ""Instituto de Terras do Piauí – INTERPI"", ""Instituto Federal de Educação, Ciência e Tecnologia do Piauí – IFPI"", ""Instituto Presente"", ""Investe Piauí"", ""Mel Wenzel"", ""Ministério Público Oeiras"", ""Parque Nacional da Serra da Capivara"", ""Parque Nacional da Serra das Confusões"", ""Pousada da Serra da Capivara"", ""Prefeitura Municipal de Amarante"", ""Prefeitura Municipal de Betânia"", ""Prefeitura Municipal de Bom Jesus"", ""Prefeitura Municipal de Brasileira"", ""Prefeitura Municipal de Campo Maior"", ""Prefeitura Municipal de Caracol"", ""Prefeitura Municipal de Castelo do Piauí"", ""Prefeitura Municipal de Guadalupe"", ""Prefeitura Municipal de Eliseu Martins"", ""Prefeitura Municipal de Oeiras"", ""Prefeitura Municipal de Parnaíba"", ""Prefeitura Municipal de Paulistana"", ""Prefeitura Municipal de Pedro II"", ""Prefeitura Municipal de Piracuruca"", ""Prefeitura Municipal de Piripiri"", ""Prefeitura Municipal de Regeneração"", ""Prefeitura Municipal de São Raimundo Nonato"", ""Prefeitura Municipal de Simplício Mendes"", ""Prefeitura Municipal de Uruçuí"", ""Projeto de Psicultura do Soizão, Oeiras"", ""Projeto Peixe Boi, Cajueiro da Praia"", ""Quilombo Lagoas"", ""Quilombo Mimbó, Amarante"", ""Secretaria de Agricultura Familiar – SAF"", ""Secretaria de Desenvolvimento Econômico – SDE"", ""Secretaria de Estado da Educação – SEDUC"", ""Secretaria de Estado da Saúde – SESAPI"", ""Secretaria de Estado de Assistência Social e Cidadania – SASC"", ""Secretaria de Estado de Infraestrutura – SEINFRA"", ""Secretaria de Estado de Meio Ambiente e Recursos Hídricos – SEMAR"", ""Secretaria de Estado de Transportes – SETUR"", ""Secretaria de Estado do Planejamento – SEPLAN"", ""Serviço Brasileiro de Apoio às Micro e Pequenas Empresas – SEBRAE"", ""Sindicato da Pesca de Parnaíba"", ""Sindicato de Trabalhadores e Trabalhadoras Rurais de Bom Jesus"", ""Sindicato de Trabalhadores Rurais de Amarante"", ""Sindicato de Trabalhadores Rurais de Betânia"", ""Sindicato de Trabalhadores Rurais de Oeiras"", ""Sindicato de Trabalhadores Rurais de Parnaíba"", ""Sindicato de Trabalhadores Rurais de Paulistana"", ""Sindicato de Trabalhadores Rurais de Piripiri"", ""Sindicato de Trabalhadores Rurais de Raimundo Nonato"", ""Sindicato de Trabalhadores Rurais de Regeneração"", ""Sindicato dos Trabalhadores e Trabalhadoras Rurais de Assunção do Piauí"", ""Sindicato dos Trabalhadores e Trabalhadoras Rurais de Eliseu Martins"", ""Sindicato dos Trabalhadores e Trabalhadoras Rurais de Uruçuí"", ""Sindicato dos Trabalhadores Rurais de Miguel Alves"", ""Sindicato dos Trabalhadores Rurais de Pedro II"", ""Sindicato dos Trabalhadores Rurais de São Francisco de Assis"", ""Superintendência de Estudos Econômicos e Sociais – CEPRO"", ""Superintendência de Parcerias e Concessões – SUPARC"", ""Superintendência do Turismo"", ""Universidade Federal do Delta do Parnaíba – UFDPar"", ""Usina Eólica Pedra do Sal"", ""Zona de Processamento de Exportações – ZPE"", ""Universidades presentes no estado"", ""Organizações não governamentais (ONGs)""]",141.pdf,doc_9e7725d7ea9c0a73
Secretaria de Estado do Planejamento do Piauí (SEPLAN),Secretaria de Estado do Planejamento do Piauí (SEPLAN),"[""Programa das Nações Unidas para o Desenvolvimento (PNUD)"", ""Agência de Fomento e Desenvolvimento do Estado do Piauí – Piauí Fomento"", ""Associação Central dos Irrigantes do Perímetro Irrigado Platôs de Guadalupe – ACIPE"", ""Associação Comunidade Quilombo Lagoas"", ""Associação da Mata dos Morenos"", ""Associação das Escolas-família Agrícola do Piauí – AEFAPI"", ""Associação das Mulheres Quebradeiras de Coco"", ""Associação de Barra Bonita"", ""Associação de Mulheres Fortes"", ""Associação de Produtores de Tucuns de Uruçuí"", ""Associação de Produtores do Assentamento Tabocas"", ""Associação dos Criadores de Ovinos e Caprinos – ASCOPAM"", ""Associação dos Criadores de Ovinos e Caprinos do Município de Betânia do Piauí – ASCOBETÂNIA"", ""Associação dos Produtores Agroecológicos do Semiárido Piauiense – APASPI"", ""Associação Lagoa do Juá"", ""Associação Mulheres Produtoras Rurais"", ""Associação Traçados"", ""Cajuína Cristal"", ""Câmara dos Dirigentes Lojistas – CDL de Oeiras"", ""Câmaras Setoriais"", ""Caritas Diocesana de São Raimundo Nonato"", ""Central de Cooperativas Apícolas do Semiárido Brasileiro – Casa APIS"", ""Centro Colaborador em Alimentação e Nutrição Escolar – CECANE/UFPI"", ""Centro de Educação Ambiental e Assessoria – CEAA"", ""Cerâmica Serra da Capivara"", ""Comapi"", ""Conselhos de Desenvolvimento Territorial"", ""Cooperativa de Catadores de Oeiras"", ""Cooperativa de Catadores de Piripiri"", ""Cooperativa dos Produtores e produtoras Rurais da Chapada do Rio Itaim – COOVITA"", ""Cooperativa Mel do Sertão"", ""Coordenadoria Estadual de Política para as Mulheres – CEPM"", ""Departamento de Estradas de Rodagem – DER"", ""Distrito de Irrigação Tabuleiros Litorâneos do Piauí – DITALPI"", ""Eco Adventure"", ""Empresa Brasileira de Pesquisa Agropecuária – EMBRAPA"", ""Empresa de Águas e Esgotos do Piauí S/A – AGESPISA"", ""Empresa de Gestão de Recursos do Estado – EMGERPI"", ""Equatorial Energia"", ""Ferrovia Transnordestina Logística"", ""Fraternidade São Francisco de Assis"", ""Instituto Chico Mendes de Conservação da Biodiversidade – ICMBio"", ""Instituto de Assistência Técnica e Extensão Rural do Piauí – EMATER"", ""Instituto de Desenvolvimento do Piauí – IDEPI"", ""Instituto de Terras do Piauí – INTERPI"", ""Instituto Federal de Educação, Ciência e Tecnologia do Piauí – IFPI"", ""Instituto Presente"", ""Investe Piauí"", ""Mel Wenzel"", ""Ministério Público Oeiras"", ""Prefeitura Municipal de Amarante"", ""Prefeitura Municipal de Betânia"", ""Prefeitura Municipal de Bom Jesus"", ""Prefeitura Municipal de Brasileira"", ""Prefeitura Municipal de Campo Maior"", ""Prefeitura Municipal de Caracol"", ""Prefeitura Municipal de Castelo do Piauí"", ""Prefeitura Municipal de Guadalupe"", ""Prefeitura Municipal de Eliseu Martins"", ""Prefeitura Municipal de Oeiras"", ""Prefeitura Municipal de Parnaíba"", ""Prefeitura Municipal de Paulistana"", ""Prefeitura Municipal de Pedro II"", ""Prefeitura Municipal de Piracuruca"", ""Prefeitura Municipal de Piripiri"", ""Prefeitura Municipal de Regeneração"", ""Prefeitura Municipal de São Raimundo Nonato"", ""Prefeitura Municipal de Simplício Mendes"", ""Prefeitura Municipal de Uruçuí"", ""Secretaria de Agricultura Familiar – SAF"", ""Secretaria de Desenvolvimento Econômico – SDE"", ""Secretaria de Estado da Educação – SEDUC"", ""Secretaria de Estado da Saúde – SESAPI"", ""Secretaria de Estado de Assistência Social e Cidadania – SASC"", ""Secretaria de Estado de Infraestrutura – SEINFRA"", ""Secretaria de Estado de Meio Ambiente e Recursos Hídricos – SEMAR"", ""Secretaria de Estado de Transportes – SETUR"", ""Serviço Brasileiro de Apoio às Micro e Pequenas Empresas – SEBRAE"", ""Sindicato da Pesca de Parnaíba"", ""Sindicato de Trabalhadores e Trabalhadoras Rurais de Bom Jesus"", ""Sindicato de Trabalhadores Rurais de Amarante"", ""Sindicato de Trabalhadores Rurais de Betânia"", ""Sindicato de Trabalhadores Rurais de Oeiras"", ""Sindicato de Trabalhadores Rurais de Parnaíba"", ""Sindicato de Trabalhadores Rurais de Paulistana"", ""Sindicato de Trabalhadores Rurais de Piripiri"", ""Sindicato de Trabalhadores Rurais de Raimundo Nonato"", ""Sindicato de Trabalhadores Rurais de Regeneração"", ""Sindicato dos Trabalhadores e Trabalhadoras Rurais de Assunção do Piauí"", ""Sindicato dos Trabalhadores e Trabalhadoras Rurais de Eliseu Martins"", ""Sindicato dos Trabalhadores e Trabalhadoras Rurais de Uruçuí"", ""Sindicato dos Trabalhadores Rurais de Miguel Alves"", ""Sindicato dos Trabalhadores Rurais de Pedro II"", ""Sindicato dos Trabalhadores Rurais de São Francisco de Assis"", ""Superintendência de Estudos Econômicos e Sociais – CEPRO"", ""Superintendência de Parcerias e Concessões – SUPARC"", ""Superintendência do Turismo"", ""Universidade Federal do Delta do Parnaíba – UFDPar"", ""Zona de Processamento de Exportações – ZPE""]","[""Programa das Nações Unidas para o Desenvolvimento (PNUD)"", ""Agência de Fomento e Desenvolvimento do Estado do Piauí – Piauí Fomento"", ""Associação Central dos Irrigantes do Perímetro Irrigado Platôs de Guadalupe – ACIPE"", ""Associação Comunidade Quilombo Lagoas"", ""Associação da Mata dos Morenos"", ""Associação das Escolas-família Agrícola do Piauí – AEFAPI"", ""Associação das Mulheres Quebradeiras de Coco"", ""Associação de Barra Bonita"", ""Associação de Mulheres Fortes"", ""Associação de Produtores de Tucuns de Uruçuí"", ""Associação de Produtores do Assentamento Tabocas"", ""Associação dos Criadores de Ovinos e Caprinos – ASCOPAM"", ""Associação dos Criadores de Ovinos e Caprinos do Município de Betânia do Piauí – ASCOBETÂNIA"", ""Associação dos Produtores Agroecológicos do Semiárido Piauiense – APASPI"", ""Associação Lagoa do Juá"", ""Associação Mulheres Produtoras Rurais"", ""Associação Traçados"", ""Cajuína Cristal"", ""Câmara dos Dirigentes Lojistas – CDL de Oeiras"", ""Câmaras Setoriais"", ""Caritas Diocesana de São Raimundo Nonato"", ""Central de Cooperativas Apícolas do Semiárido Brasileiro – Casa APIS"", ""Centro Colaborador em Alimentação e Nutrição Escolar – CECANE/UFPI"", ""Centro de Educação Ambiental e Assessoria – CEAA"", ""Cerâmica Serra da Capivara"", ""Comapi"", ""Conselhos de Desenvolvimento Territorial"", ""Cooperativa de Catadores de Oeiras"", ""Cooperativa de Catadores de Piripiri"", ""Cooperativa dos Produtores e produtoras Rurais da Chapada do Rio Itaim – COOVITA"", ""Cooperativa Mel do Sertão"", ""Coordenadoria Estadual de Política para as Mulheres – CEPM"", ""Departamento de Estradas de Rodagem – DER"", ""Distrito de Irrigação Tabuleiros Litorâneos do Piauí – DITALPI"", ""Eco Adventure"", ""Empresa Brasileira de Pesquisa Agropecuária – EMBRAPA"", ""Empresa de Águas e Esgotos do Piauí S/A – AGESPISA"", ""Empresa de Gestão de Recursos do Estado – EMGERPI"", ""Equatorial Energia"", ""Ferrovia Transnordestina Logística"", ""Fraternidade São Francisco de Assis"", ""Instituto Chico Mendes de Conservação da Biodiversidade – ICMBio"", ""Instituto de Assistência Técnica e Extensão Rural do Piauí – EMATER"", ""Instituto de Desenvolvimento do Piauí – IDEPI"", ""Instituto de Terras do Piauí – INTERPI"", ""Instituto Federal de Educação, Ciência e Tecnologia do Piauí – IFPI"", ""Instituto Presente"", ""Investe Piauí"", ""Mel Wenzel"", ""Ministério Público Oeiras"", ""Prefeitura Municipal de Amarante"", ""Prefeitura Municipal de Betânia"", ""Prefeitura Municipal de Bom Jesus"", ""Prefeitura Municipal de Brasileira"", ""Prefeitura Municipal de Campo Maior"", ""Prefeitura Municipal de Caracol"", ""Prefeitura Municipal de Castelo do Piauí"", ""Prefeitura Municipal de Guadalupe"", ""Prefeitura Municipal de Eliseu Martins"", ""Prefeitura Municipal de Oeiras"", ""Prefeitura Municipal de Parnaíba"", ""Prefeitura Municipal de Paulistana"", ""Prefeitura Municipal de Pedro II"", ""Prefeitura Municipal de Piracuruca"", ""Prefeitura Municipal de Piripiri"", ""Prefeitura Municipal de Regeneração"", ""Prefeitura Municipal de São Raimundo Nonato"", ""Prefeitura Municipal de Simplício Mendes"", ""Prefeitura Municipal de Uruçuí"", ""Secretaria de Agricultura Familiar – SAF"", ""Secretaria de Desenvolvimento Econômico – SDE"", ""Secretaria de Estado da Educação – SEDUC"", ""Secretaria de Estado da Saúde – SESAPI"", ""Secretaria de Estado de Assistência Social e Cidadania – SASC"", ""Secretaria de Estado de Infraestrutura – SEINFRA"", ""Secretaria de Estado de Meio Ambiente e Recursos Hídricos – SEMAR"", ""Secretaria de Estado de Transportes – SETUR"", ""Serviço Brasileiro de Apoio às Micro e Pequenas Empresas – SEBRAE"", ""Sindicato da Pesca de Parnaíba"", ""Sindicato de Trabalhadores e Trabalhadoras Rurais de Bom Jesus"", ""Sindicato de Trabalhadores Rurais de Amarante"", ""Sindicato de Trabalhadores Rurais de Betânia"", ""Sindicato de Trabalhadores Rurais de Oeiras"", ""Sindicato de Trabalhadores Rurais de Parnaíba"", ""Sindicato de Trabalhadores Rurais de Paulistana"", ""Sindicato de Trabalhadores Rurais de Piripiri"", ""Sindicato de Trabalhadores Rurais de Raimundo Nonato"", ""Sindicato de Trabalhadores Rurais de Regeneração"", ""Sindicato dos Trabalhadores e Trabalhadoras Rurais de Assunção do Piauí"", ""Sindicato dos Trabalhadores e Trabalhadoras Rurais de Eliseu Martins"", ""Sindicato dos Trabalhadores e Trabalhadoras Rurais de Uruçuí"", ""Sindicato dos Trabalhadores Rurais de Miguel Alves"", ""Sindicato dos Trabalhadores Rurais de Pedro II"", ""Sindicato dos Trabalhadores Rurais de São Francisco de Assis"", ""Superintendência de Estudos Econômicos e Sociais – CEPRO"", ""Superintendência de Parcerias e Concessões – SUPARC"", ""Superintendência do Turismo"", ""Universidade Federal do Delta do Parnaíba – UFDPar"", ""Zona de Processamento de Exportações – ZPE""]",142.pdf,doc_aaa2799db3687993
Secretaria de Estado do Planejamento/SEPLAN,Secretaria de Estado do Planejamento/SEPLAN,"[""PROGRAMA DAS NAÇÕES UNIDAS PARA O DESENVOLVIMENTO (PNUD)"", ""Agência de Fomento e Desenvolvimento do Estado do Piauí – Piauí Fomento"", ""Assentamento Brejinho em Campo Maior"", ""Assentamento Novo Zabelê, São Raimundo Nonato"", ""Assentamento Paraíso, Pedro II"", ""Assentamento Terra Ativa, Batalha"", ""Assentamento Vista Alegre, Oeiras"", ""Associação Central dos Irrigantes do Perímetro Irrigado Platôs de Guadalupe – ACIPE"", ""Associação Comunidade Quilombo Lagoas, São Raimundo Nonato"", ""Associação da Mata dos Morenos, Regeneração"", ""Associação das Escolas-família Agrícola do Piauí – AEFAPI"", ""Associação das Mulheres Quebradeiras de Coco, Miguel Alves"", ""Associação de Barra Bonita"", ""Associação de Mulheres Fortes, Betânia do Piauí"", ""Associação de Produtores de Tucuns de Uruçuí"", ""Associação de Produtores do Assentamento Tabocas em Currais"", ""Associação dos Criadores de Ovinos e Caprinos – ASCOPAM"", ""Associação dos Criadores de Ovinos e Caprinos do Município de Betânia do Piauí – ASCOBETÂNIA"", ""Associação dos Produtores Agroecológicos do Semiárido Piauiense – APASPI"", ""Associação Lagoa do Juá"", ""Associação Mulheres Produtoras Rurais"", ""Associação Traçados, Ilha Grande do Piauí"", ""Cajuína Cristal"", ""Câmara dos Dirigentes Lojistas – CDL de Oeiras"", ""Câmaras Setoriais"", ""Caritas Diocesana de São Raimundo Nonato"", ""Central de Cooperativas Apícolas do Semiárido Brasileiro – Casa APIS"", ""Centro Colaborador em Alimentação e Nutrição Escolar – CECANE/UFPI"", ""Centro de Educação Ambiental e Assessoria – CEAA"", ""Cerâmica Serra da Capivara"", ""Comapi"", ""Comunidade Serra do Inácio"", ""Comunidade Trás da Serra, São Francisco de Assis"", ""Conselhos de Desenvolvimento Territorial"", ""Cooperativa de Catadores de Oeiras"", ""Cooperativa de Catadores de Piripiri"", ""Cooperativa dos Produtores e produtoras Rurais da Chapada do Rio Itaim – COOVITA"", ""Cooperativa Mel do Sertão"", ""Coordenadoria Estadual de Política para as Mulheres – CEPM"", ""Departamento de Estradas de Rodagem – DER"", ""Distrito de Irrigação Tabuleiros Litorâneos do Piauí – DITALPI"", ""Eco Adventure"", ""Empresa Brasileira de Pesquisa Agropecuária – EMBRAPA"", ""Empresa de Águas e Esgotos do Piauí S/A – AGESPISA"", ""Empresa de Gestão de Recursos do Estado – EMGERPI"", ""Equatorial Energia"", ""Ferrovia Transnordestina Logística"", ""Fraternidade São Francisco de Assis"", ""Instituto Chico Mendes de Conservação da Biodiversidade – ICMBio"", ""Instituto de Assistência Técnica e Extensão Rural do Piauí – EMATER"", ""Instituto de Desenvolvimento do Piauí – IDEPI"", ""Instituto de Terras do Piauí – INTERPI"", ""Instituto Federal de Educação, Ciência e Tecnologia do Piauí – IFPI"", ""Instituto Presente"", ""Investe Piauí"", ""Mel Wenzel"", ""Ministério Público Oeiras"", ""Parque Nacional da Serra da Capivara"", ""Parque Nacional da Serra das Confusões"", ""Pousada da Serra da Capivara"", ""Prefeitura Municipal de Amarante"", ""Prefeitura Municipal de Betânia"", ""Prefeitura Municipal de Bom Jesus"", ""Prefeitura Municipal de Brasileira"", ""Prefeitura Municipal de Campo Maior"", ""Prefeitura Municipal de Caracol"", ""Prefeitura Municipal de Castelo do Piauí"", ""Prefeitura Municipal de Guadalupe"", ""Prefeitura Municipal de Eliseu Martins""]","[""PROGRAMA DAS NAÇÕES UNIDAS PARA O DESENVOLVIMENTO (PNUD)"", ""Agência de Fomento e Desenvolvimento do Estado do Piauí – Piauí Fomento"", ""Assentamento Brejinho em Campo Maior"", ""Assentamento Novo Zabelê, São Raimundo Nonato"", ""Assentamento Paraíso, Pedro II"", ""Assentamento Terra Ativa, Batalha"", ""Assentamento Vista Alegre, Oeiras"", ""Associação Central dos Irrigantes do Perímetro Irrigado Platôs de Guadalupe – ACIPE"", ""Associação Comunidade Quilombo Lagoas, São Raimundo Nonato"", ""Associação da Mata dos Morenos, Regeneração"", ""Associação das Escolas-família Agrícola do Piauí – AEFAPI"", ""Associação das Mulheres Quebradeiras de Coco, Miguel Alves"", ""Associação de Barra Bonita"", ""Associação de Mulheres Fortes, Betânia do Piauí"", ""Associação de Produtores de Tucuns de Uruçuí"", ""Associação de Produtores do Assentamento Tabocas em Currais"", ""Associação dos Criadores de Ovinos e Caprinos – ASCOPAM"", ""Associação dos Criadores de Ovinos e Caprinos do Município de Betânia do Piauí – ASCOBETÂNIA"", ""Associação dos Produtores Agroecológicos do Semiárido Piauiense – APASPI"", ""Associação Lagoa do Juá"", ""Associação Mulheres Produtoras Rurais"", ""Associação Traçados, Ilha Grande do Piauí"", ""Cajuína Cristal"", ""Câmara dos Dirigentes Lojistas – CDL de Oeiras"", ""Câmaras Setoriais"", ""Caritas Diocesana de São Raimundo Nonato"", ""Central de Cooperativas Apícolas do Semiárido Brasileiro – Casa APIS"", ""Centro Colaborador em Alimentação e Nutrição Escolar – CECANE/UFPI"", ""Centro de Educação Ambiental e Assessoria – CEAA"", ""Cerâmica Serra da Capivara"", ""Comapi"", ""Comunidade Serra do Inácio"", ""Comunidade Trás da Serra, São Francisco de Assis"", ""Conselhos de Desenvolvimento Territorial"", ""Cooperativa de Catadores de Oeiras"", ""Cooperativa de Catadores de Piripiri"", ""Cooperativa dos Produtores e produtoras Rurais da Chapada do Rio Itaim – COOVITA"", ""Cooperativa Mel do Sertão"", ""Coordenadoria Estadual de Política para as Mulheres – CEPM"", ""Departamento de Estradas de Rodagem – DER"", ""Distrito de Irrigação Tabuleiros Litorâneos do Piauí – DITALPI"", ""Eco Adventure"", ""Empresa Brasileira de Pesquisa Agropecuária – EMBRAPA"", ""Empresa de Águas e Esgotos do Piauí S/A – AGESPISA"", ""Empresa de Gestão de Recursos do Estado – EMGERPI"", ""Equatorial Energia"", ""Ferrovia Transnordestina Logística"", ""Fraternidade São Francisco de Assis"", ""Instituto Chico Mendes de Conservação da Biodiversidade – ICMBio"", ""Instituto de Assistência Técnica e Extensão Rural do Piauí – EMATER"", ""Instituto de Desenvolvimento do Piauí – IDEPI"", ""Instituto de Terras do Piauí – INTERPI"", ""Instituto Federal de Educação, Ciência e Tecnologia do Piauí – IFPI"", ""Instituto Presente"", ""Investe Piauí"", ""Mel Wenzel"", ""Ministério Público Oeiras"", ""Parque Nacional da Serra da Capivara"", ""Parque Nacional da Serra das Confusões"", ""Pousada da Serra da Capivara"", ""Prefeitura Municipal de Amarante"", ""Prefeitura Municipal de Betânia"", ""Prefeitura Municipal de Bom Jesus"", ""Prefeitura Municipal de Brasileira"", ""Prefeitura Municipal de Campo Maior"", ""Prefeitura Municipal de Caracol"", ""Prefeitura Municipal de Castelo do Piauí"", ""Prefeitura Municipal de Guadalupe"", ""Prefeitura Municipal de Eliseu Martins""]",143.pdf,doc_196c8e9b85f6f1c2
Secretaria de Estado do Planejamento/SEPLAN,Secretaria de Estado do Planejamento/SEPLAN,"[""PROGRAMA DAS NAÇÕES UNIDAS PARA O DESENVOLVIMENTO (PNUD)"", ""Agência de Fomento e Desenvolvimento do Estado do Piauí – Piauí Fomento"", ""Assentamento Brejinho em Campo Maior"", ""Assentamento Novo Zabelê, São Raimundo Nonato"", ""Assentamento Paraíso, Pedro II"", ""Assentamento Terra Ativa, Batalha"", ""Assentamento Vista Alegre, Oeiras"", ""Associação Central dos Irrigantes do Perímetro Irrigado Platôs de Guadalupe – ACIPE"", ""Associação Comunidade Quilombo Lagoas, São Raimundo Nonato"", ""Associação da Mata dos Morenos, Regeneração"", ""Associação das Escolas-família Agrícola do Piauí – AEFAPI"", ""Associação das Mulheres Quebradeiras de Coco, Miguel Alves"", ""Associação de Barra Bonita"", ""Associação de Mulheres Fortes, Betânia do Piauí"", ""Associação de Produtores de Tucuns de Uruçuí"", ""Associação de Produtores do Assentamento Tabocas em Currais"", ""Associação dos Criadores de Ovinos e Caprinos – ASCOPAM"", ""Associação dos Criadores de Ovinos e Caprinos do Município de Betânia do Piauí – ASCOBETÂNIA"", ""Associação dos Produtores Agroecológicos do Semiárido Piauiense – APASPI"", ""Associação Lagoa do Juá"", ""Associação Mulheres Produtoras Rurais"", ""Associação Traçados, Ilha Grande do Piauí"", ""Cajuína Cristal"", ""Câmara dos Dirigentes Lojistas – CDL de Oeiras"", ""Câmaras Setoriais"", ""Caritas Diocesana de São Raimundo Nonato"", ""Central de Cooperativas Apícolas do Semiárido Brasileiro – Casa APIS"", ""Centro Colaborador em Alimentação e Nutrição Escolar – CECANE/UFPI"", ""Centro de Educação Ambiental e Assessoria – CEAA"", ""Cerâmica Serra da Capivara"", ""Comapi"", ""Comunidade Serra do Inácio"", ""Comunidade Trás da Serra, São Francisco de Assis"", ""Conselhos de Desenvolvimento Territorial"", ""Cooperativa de Catadores de Oeiras"", ""Cooperativa de Catadores de Piripiri"", ""Cooperativa dos Produtores e produtoras Rurais da Chapada do Rio Itaim – COOVITA"", ""Cooperativa Mel do Sertão"", ""Coordenadoria Estadual de Política para as Mulheres – CEPM"", ""Departamento de Estradas de Rodagem – DER"", ""Distrito de Irrigação Tabuleiros Litorâneos do Piauí – DITALPI"", ""Eco Adventure"", ""Empresa Brasileira de Pesquisa Agropecuária – EMBRAPA"", ""Empresa de Águas e Esgotos do Piauí S/A – AGESPISA"", ""Empresa de Gestão de Recursos do Estado – EMGERPI"", ""Equatorial Energia"", ""Ferrovia Transnordestina Logística"", ""Fraternidade São Francisco de Assis"", ""Instituto Chico Mendes de Conservação da Biodiversidade – ICMBio"", ""Instituto de Assistência Técnica e Extensão Rural do Piauí – EMATER"", ""Instituto de Desenvolvimento do Piauí – IDEPI"", ""Instituto de Terras do Piauí – INTERPI"", ""Instituto Federal de Educação, Ciência e Tecnologia do Piauí – IFPI"", ""Instituto Presente"", ""Investe Piauí"", ""Mel Wenzel"", ""Ministério Público Oeiras"", ""Parque Nacional da Serra da Capivara"", ""Parque Nacional da Serra das Confusões"", ""Pousada da Serra da Capivara"", ""Prefeitura Municipal de Amarante"", ""Prefeitura Municipal de Betânia"", ""Prefeitura Municipal de Bom Jesus"", ""Prefeitura Municipal de Brasileira"", ""Prefeitura Municipal de Campo Maior"", ""Prefeitura Municipal de Caracol"", ""Prefeitura Municipal de Castelo do Piauí"", ""Prefeitura Municipal de Guadalupe"", ""Prefeitura Municipal de Eliseu Martins""]","[""PROGRAMA DAS NAÇÕES UNIDAS PARA O DESENVOLVIMENTO (PNUD)"", ""Agência de Fomento e Desenvolvimento do Estado do Piauí – Piauí Fomento"", ""Assentamento Brejinho em Campo Maior"", ""Assentamento Novo Zabelê, São Raimundo Nonato"", ""Assentamento Paraíso, Pedro II"", ""Assentamento Terra Ativa, Batalha"", ""Assentamento Vista Alegre, Oeiras"", ""Associação Central dos Irrigantes do Perímetro Irrigado Platôs de Guadalupe – ACIPE"", ""Associação Comunidade Quilombo Lagoas, São Raimundo Nonato"", ""Associação da Mata dos Morenos, Regeneração"", ""Associação das Escolas-família Agrícola do Piauí – AEFAPI"", ""Associação das Mulheres Quebradeiras de Coco, Miguel Alves"", ""Associação de Barra Bonita"", ""Associação de Mulheres Fortes, Betânia do Piauí"", ""Associação de Produtores de Tucuns de Uruçuí"", ""Associação de Produtores do Assentamento Tabocas em Currais"", ""Associação dos Criadores de Ovinos e Caprinos – ASCOPAM"", ""Associação dos Criadores de Ovinos e Caprinos do Município de Betânia do Piauí – ASCOBETÂNIA"", ""Associação dos Produtores Agroecológicos do Semiárido Piauiense – APASPI"", ""Associação Lagoa do Juá"", ""Associação Mulheres Produtoras Rurais"", ""Associação Traçados, Ilha Grande do Piauí"", ""Cajuína Cristal"", ""Câmara dos Dirigentes Lojistas – CDL de Oeiras"", ""Câmaras Setoriais"", ""Caritas Diocesana de São Raimundo Nonato"", ""Central de Cooperativas Apícolas do Semiárido Brasileiro – Casa APIS"", ""Centro Colaborador em Alimentação e Nutrição Escolar – CECANE/UFPI"", ""Centro de Educação Ambiental e Assessoria – CEAA"", ""Cerâmica Serra da Capivara"", ""Comapi"", ""Comunidade Serra do Inácio"", ""Comunidade Trás da Serra, São Francisco de Assis"", ""Conselhos de Desenvolvimento Territorial"", ""Cooperativa de Catadores de Oeiras"", ""Cooperativa de Catadores de Piripiri"", ""Cooperativa dos Produtores e produtoras Rurais da Chapada do Rio Itaim – COOVITA"", ""Cooperativa Mel do Sertão"", ""Coordenadoria Estadual de Política para as Mulheres – CEPM"", ""Departamento de Estradas de Rodagem – DER"", ""Distrito de Irrigação Tabuleiros Litorâneos do Piauí – DITALPI"", ""Eco Adventure"", ""Empresa Brasileira de Pesquisa Agropecuária – EMBRAPA"", ""Empresa de Águas e Esgotos do Piauí S/A – AGESPISA"", ""Empresa de Gestão de Recursos do Estado – EMGERPI"", ""Equatorial Energia"", ""Ferrovia Transnordestina Logística"", ""Fraternidade São Francisco de Assis"", ""Instituto Chico Mendes de Conservação da Biodiversidade – ICMBio"", ""Instituto de Assistência Técnica e Extensão Rural do Piauí – EMATER"", ""Instituto de Desenvolvimento do Piauí – IDEPI"", ""Instituto de Terras do Piauí – INTERPI"", ""Instituto Federal de Educação, Ciência e Tecnologia do Piauí – IFPI"", ""Instituto Presente"", ""Investe Piauí"", ""Mel Wenzel"", ""Ministério Público Oeiras"", ""Parque Nacional da Serra da Capivara"", ""Parque Nacional da Serra das Confusões"", ""Pousada da Serra da Capivara"", ""Prefeitura Municipal de Amarante"", ""Prefeitura Municipal de Betânia"", ""Prefeitura Municipal de Bom Jesus"", ""Prefeitura Municipal de Brasileira"", ""Prefeitura Municipal de Campo Maior"", ""Prefeitura Municipal de Caracol"", ""Prefeitura Municipal de Castelo do Piauí"", ""Prefeitura Municipal de Guadalupe"", ""Prefeitura Municipal de Eliseu Martins""]",144.pdf,doc_b798cfa2b5c957bb
Secretaria de Estado do Planejamento/SEPLAN,Secretaria de Estado do Planejamento/SEPLAN,"[""PROGRAMA DAS NAÇÕES UNIDAS PARA O DESENVOLVIMENTO (PNUD)"", ""Agência de Fomento e Desenvolvimento do Estado do Piauí – Piauí Fomento"", ""Assentamento Brejinho em Campo Maior"", ""Assentamento Novo Zabelê, São Raimundo Nonato"", ""Assentamento Paraíso, Pedro II"", ""Assentamento Terra Ativa, Batalha"", ""Assentamento Vista Alegre, Oeiras"", ""Associação Central dos Irrigantes do Perímetro Irrigado Platôs de Guadalupe – ACIPE"", ""Associação Comunidade Quilombo Lagoas, São Raimundo Nonato"", ""Associação da Mata dos Morenos, Regeneração"", ""Associação das Escolas-família Agrícola do Piauí – AEFAPI"", ""Associação das Mulheres Quebradeiras de Coco, Miguel Alves"", ""Associação de Barra Bonita"", ""Associação de Mulheres Fortes, Betânia do Piauí"", ""Associação de Produtores de Tucuns de Uruçuí"", ""Associação de Produtores do Assentamento Tabocas em Currais"", ""Associação dos Criadores de Ovinos e Caprinos – ASCOPAM"", ""Associação dos Criadores de Ovinos e Caprinos do Município de Betânia do Piauí – ASCOBETÂNIA"", ""Associação dos Produtores Agroecológicos do Semiárido Piauiense – APASPI"", ""Associação Lagoa do Juá"", ""Associação Mulheres Produtoras Rurais"", ""Associação Traçados, Ilha Grande do Piauí"", ""Cajuína Cristal"", ""Câmara dos Dirigentes Lojistas – CDL de Oeiras"", ""Câmaras Setoriais"", ""Caritas Diocesana de São Raimundo Nonato"", ""Central de Cooperativas Apícolas do Semiárido Brasileiro – Casa APIS"", ""Centro Colaborador em Alimentação e Nutrição Escolar – CECANE/UFPI"", ""Centro de Educação Ambiental e Assessoria – CEAA"", ""Cerâmica Serra da Capivara"", ""Comapi"", ""Comunidade Serra do Inácio"", ""Comunidade Trás da Serra, São Francisco de Assis"", ""Conselhos de Desenvolvimento Territorial"", ""Cooperativa de Catadores de Oeiras"", ""Cooperativa de Catadores de Piripiri"", ""Cooperativa dos Produtores e produtoras Rurais da Chapada do Rio Itaim – COOVITA"", ""Cooperativa Mel do Sertão"", ""Coordenadoria Estadual de Política para as Mulheres – CEPM"", ""Departamento de Estradas de Rodagem – DER"", ""Distrito de Irrigação Tabuleiros Litorâneos do Piauí – DITALPI"", ""Eco Adventure"", ""Empresa Brasileira de Pesquisa Agropecuária – EMBRAPA"", ""Empresa de Águas e Esgotos do Piauí S/A – AGESPISA"", ""Empresa de Gestão de Recursos do Estado – EMGERPI"", ""Equatorial Energia"", ""Ferrovia Transnordestina Logística"", ""Fraternidade São Francisco de Assis"", ""Instituto Chico Mendes de Conservação da Biodiversidade – ICMBio"", ""Instituto de Assistência Técnica e Extensão Rural do Piauí – EMATER"", ""Instituto de Desenvolvimento do Piauí – IDEPI"", ""Instituto de Terras do Piauí – INTERPI"", ""Instituto Federal de Educação, Ciência e Tecnologia do Piauí – IFPI"", ""Instituto Presente"", ""Investe Piauí"", ""Mel Wenzel"", ""Ministério Público Oeiras"", ""Parque Nacional da Serra da Capivara"", ""Parque Nacional da Serra das Confusões"", ""Pousada da Serra da Capivara"", ""Prefeitura Municipal de Amarante"", ""Prefeitura Municipal de Betânia"", ""Prefeitura Municipal de Bom Jesus"", ""Prefeitura Municipal de Brasileira"", ""Prefeitura Municipal de Campo Maior"", ""Prefeitura Municipal de Caracol"", ""Prefeitura Municipal de Castelo do Piauí"", ""Prefeitura Municipal de Guadalupe"", ""Prefeitura Municipal de Eliseu Martins""]","[""PROGRAMA DAS NAÇÕES UNIDAS PARA O DESENVOLVIMENTO (PNUD)"", ""Agência de Fomento e Desenvolvimento do Estado do Piauí – Piauí Fomento"", ""Assentamento Brejinho em Campo Maior"", ""Assentamento Novo Zabelê, São Raimundo Nonato"", ""Assentamento Paraíso, Pedro II"", ""Assentamento Terra Ativa, Batalha"", ""Assentamento Vista Alegre, Oeiras"", ""Associação Central dos Irrigantes do Perímetro Irrigado Platôs de Guadalupe – ACIPE"", ""Associação Comunidade Quilombo Lagoas, São Raimundo Nonato"", ""Associação da Mata dos Morenos, Regeneração"", ""Associação das Escolas-família Agrícola do Piauí – AEFAPI"", ""Associação das Mulheres Quebradeiras de Coco, Miguel Alves"", ""Associação de Barra Bonita"", ""Associação de Mulheres Fortes, Betânia do Piauí"", ""Associação de Produtores de Tucuns de Uruçuí"", ""Associação de Produtores do Assentamento Tabocas em Currais"", ""Associação dos Criadores de Ovinos e Caprinos – ASCOPAM"", ""Associação dos Criadores de Ovinos e Caprinos do Município de Betânia do Piauí – ASCOBETÂNIA"", ""Associação dos Produtores Agroecológicos do Semiárido Piauiense – APASPI"", ""Associação Lagoa do Juá"", ""Associação Mulheres Produtoras Rurais"", ""Associação Traçados, Ilha Grande do Piauí"", ""Cajuína Cristal"", ""Câmara dos Dirigentes Lojistas – CDL de Oeiras"", ""Câmaras Setoriais"", ""Caritas Diocesana de São Raimundo Nonato"", ""Central de Cooperativas Apícolas do Semiárido Brasileiro – Casa APIS"", ""Centro Colaborador em Alimentação e Nutrição Escolar – CECANE/UFPI"", ""Centro de Educação Ambiental e Assessoria – CEAA"", ""Cerâmica Serra da Capivara"", ""Comapi"", ""Comunidade Serra do Inácio"", ""Comunidade Trás da Serra, São Francisco de Assis"", ""Conselhos de Desenvolvimento Territorial"", ""Cooperativa de Catadores de Oeiras"", ""Cooperativa de Catadores de Piripiri"", ""Cooperativa dos Produtores e produtoras Rurais da Chapada do Rio Itaim – COOVITA"", ""Cooperativa Mel do Sertão"", ""Coordenadoria Estadual de Política para as Mulheres – CEPM"", ""Departamento de Estradas de Rodagem – DER"", ""Distrito de Irrigação Tabuleiros Litorâneos do Piauí – DITALPI"", ""Eco Adventure"", ""Empresa Brasileira de Pesquisa Agropecuária – EMBRAPA"", ""Empresa de Águas e Esgotos do Piauí S/A – AGESPISA"", ""Empresa de Gestão de Recursos do Estado – EMGERPI"", ""Equatorial Energia"", ""Ferrovia Transnordestina Logística"", ""Fraternidade São Francisco de Assis"", ""Instituto Chico Mendes de Conservação da Biodiversidade – ICMBio"", ""Instituto de Assistência Técnica e Extensão Rural do Piauí – EMATER"", ""Instituto de Desenvolvimento do Piauí – IDEPI"", ""Instituto de Terras do Piauí – INTERPI"", ""Instituto Federal de Educação, Ciência e Tecnologia do Piauí – IFPI"", ""Instituto Presente"", ""Investe Piauí"", ""Mel Wenzel"", ""Ministério Público Oeiras"", ""Parque Nacional da Serra da Capivara"", ""Parque Nacional da Serra das Confusões"", ""Pousada da Serra da Capivara"", ""Prefeitura Municipal de Amarante"", ""Prefeitura Municipal de Betânia"", ""Prefeitura Municipal de Bom Jesus"", ""Prefeitura Municipal de Brasileira"", ""Prefeitura Municipal de Campo Maior"", ""Prefeitura Municipal de Caracol"", ""Prefeitura Municipal de Castelo do Piauí"", ""Prefeitura Municipal de Guadalupe"", ""Prefeitura Municipal de Eliseu Martins""]",145.pdf,doc_f4f7020170fc8c8d
Secretaria de Estado do Planejamento (SEPLAN),Secretaria de Estado do Planejamento (SEPLAN),"[""PROGRAMA DAS NAÇÕES UNIDAS PARA O DESENVOLVIMENTO (PNUD)"", ""Agência de Fomento e Desenvolvimento do Estado do Piauí – Piauí Fomento"", ""Assentamento Brejinho em Campo Maior"", ""Assentamento Novo Zabelê, São Raimundo Nonato"", ""Assentamento Paraíso, Pedro II"", ""Assentamento Terra Ativa, Batalha"", ""Assentamento Vista Alegre, Oeiras"", ""Associação Central dos Irrigantes do Perímetro Irrigado Platôs de Guadalupe – ACIPE"", ""Associação Comunidade Quilombo Lagoas, São Raimundo Nonato"", ""Associação da Mata dos Morenos, Regeneração"", ""Associação das Escolas-família Agrícola do Piauí – AEFAPI"", ""Associação das Mulheres Quebradeiras de Coco, Miguel Alves"", ""Associação de Barra Bonita"", ""Associação de Mulheres Fortes, Betânia do Piauí"", ""Associação de Produtores de Tucuns de Uruçuí"", ""Associação de Produtores do Assentamento Tabocas em Currais"", ""Associação dos Criadores de Ovinos e Caprinos – ASCOPAM"", ""Associação dos Criadores de Ovinos e Caprinos do Município de Betânia do Piauí – ASCOBETÂNIA"", ""Associação dos Produtores Agroecológicos do Semiárido Piauiense – APASPI"", ""Associação Lagoa do Juá"", ""Associação Mulheres Produtoras Rurais"", ""Associação Traçados, Ilha Grande do Piauí"", ""Cajuína Cristal"", ""Câmara dos Dirigentes Lojistas – CDL de Oeiras"", ""Câmaras Setoriais"", ""Caritas Diocesana de São Raimundo Nonato"", ""Central de Cooperativas Apícolas do Semiárido Brasileiro – Casa APIS"", ""Centro Colaborador em Alimentação e Nutrição Escolar – CECANE/UFPI"", ""Centro de Educação Ambiental e Assessoria – CEAA"", ""Cerâmica Serra da Capivara"", ""Comapi"", ""Comunidade Serra do Inácio"", ""Comunidade Trás da Serra, São Francisco de Assis"", ""Conselhos de Desenvolvimento Territorial"", ""Cooperativa de Catadores de Oeiras"", ""Cooperativa de Catadores de Piripiri"", ""Cooperativa dos Produtores e produtoras Rurais da Chapada do Rio Itaim – COOVITA"", ""Cooperativa Mel do Sertão"", ""Coordenadoria Estadual de Política para as Mulheres – CEPM"", ""Departamento de Estradas de Rodagem – DER"", ""Distrito de Irrigação Tabuleiros Litorâneos do Piauí – DITALPI"", ""Eco Adventure"", ""Empresa Brasileira de Pesquisa Agropecuária – EMBRAPA"", ""Empresa de Águas e Esgotos do Piauí S/A – AGESPISA"", ""Empresa de Gestão de Recursos do Estado – EMGERPI"", ""Equatorial Energia"", ""Ferrovia Transnordestina Logística"", ""Fraternidade São Francisco de Assis"", ""Instituto Chico Mendes de Conservação da Biodiversidade – ICMBio"", ""Instituto de Assistência Técnica e Extensão Rural do Piauí – EMATER"", ""Instituto de Desenvolvimento do Piauí – IDEPI"", ""Instituto de Terras do Piauí – INTERPI"", ""Instituto Federal de Educação, Ciência e Tecnologia do Piauí – IFPI"", ""Instituto Presente"", ""Investe Piauí"", ""Mel Wenzel"", ""Ministério Público Oeiras"", ""Parque Nacional da Serra da Capivara"", ""Parque Nacional da Serra das Confusões"", ""Pousada da Serra da Capivara"", ""Prefeitura Municipal de Amarante"", ""Prefeitura Municipal de Betânia"", ""Prefeitura Municipal de Bom Jesus"", ""Prefeitura Municipal de Brasileira"", ""Prefeitura Municipal de Campo Maior"", ""Prefeitura Municipal de Caracol"", ""Prefeitura Municipal de Castelo do Piauí"", ""Prefeitura Municipal de Guadalupe"", ""Prefeitura Municipal de Eliseu Martins""]","[""PROGRAMA DAS NAÇÕES UNIDAS PARA O DESENVOLVIMENTO (PNUD)"", ""Agência de Fomento e Desenvolvimento do Estado do Piauí – Piauí Fomento"", ""Assentamento Brejinho em Campo Maior"", ""Assentamento Novo Zabelê, São Raimundo Nonato"", ""Assentamento Paraíso, Pedro II"", ""Assentamento Terra Ativa, Batalha"", ""Assentamento Vista Alegre, Oeiras"", ""Associação Central dos Irrigantes do Perímetro Irrigado Platôs de Guadalupe – ACIPE"", ""Associação Comunidade Quilombo Lagoas, São Raimundo Nonato"", ""Associação da Mata dos Morenos, Regeneração"", ""Associação das Escolas-família Agrícola do Piauí – AEFAPI"", ""Associação das Mulheres Quebradeiras de Coco, Miguel Alves"", ""Associação de Barra Bonita"", ""Associação de Mulheres Fortes, Betânia do Piauí"", ""Associação de Produtores de Tucuns de Uruçuí"", ""Associação de Produtores do Assentamento Tabocas em Currais"", ""Associação dos Criadores de Ovinos e Caprinos – ASCOPAM"", ""Associação dos Criadores de Ovinos e Caprinos do Município de Betânia do Piauí – ASCOBETÂNIA"", ""Associação dos Produtores Agroecológicos do Semiárido Piauiense – APASPI"", ""Associação Lagoa do Juá"", ""Associação Mulheres Produtoras Rurais"", ""Associação Traçados, Ilha Grande do Piauí"", ""Cajuína Cristal"", ""Câmara dos Dirigentes Lojistas – CDL de Oeiras"", ""Câmaras Setoriais"", ""Caritas Diocesana de São Raimundo Nonato"", ""Central de Cooperativas Apícolas do Semiárido Brasileiro – Casa APIS"", ""Centro Colaborador em Alimentação e Nutrição Escolar – CECANE/UFPI"", ""Centro de Educação Ambiental e Assessoria – CEAA"", ""Cerâmica Serra da Capivara"", ""Comapi"", ""Comunidade Serra do Inácio"", ""Comunidade Trás da Serra, São Francisco de Assis"", ""Conselhos de Desenvolvimento Territorial"", ""Cooperativa de Catadores de Oeiras"", ""Cooperativa de Catadores de Piripiri"", ""Cooperativa dos Produtores e produtoras Rurais da Chapada do Rio Itaim – COOVITA"", ""Cooperativa Mel do Sertão"", ""Coordenadoria Estadual de Política para as Mulheres – CEPM"", ""Departamento de Estradas de Rodagem – DER"", ""Distrito de Irrigação Tabuleiros Litorâneos do Piauí – DITALPI"", ""Eco Adventure"", ""Empresa Brasileira de Pesquisa Agropecuária – EMBRAPA"", ""Empresa de Águas e Esgotos do Piauí S/A – AGESPISA"", ""Empresa de Gestão de Recursos do Estado – EMGERPI"", ""Equatorial Energia"", ""Ferrovia Transnordestina Logística"", ""Fraternidade São Francisco de Assis"", ""Instituto Chico Mendes de Conservação da Biodiversidade – ICMBio"", ""Instituto de Assistência Técnica e Extensão Rural do Piauí – EMATER"", ""Instituto de Desenvolvimento do Piauí – IDEPI"", ""Instituto de Terras do Piauí – INTERPI"", ""Instituto Federal de Educação, Ciência e Tecnologia do Piauí – IFPI"", ""Instituto Presente"", ""Investe Piauí"", ""Mel Wenzel"", ""Ministério Público Oeiras"", ""Parque Nacional da Serra da Capivara"", ""Parque Nacional da Serra das Confusões"", ""Pousada da Serra da Capivara"", ""Prefeitura Municipal de Amarante"", ""Prefeitura Municipal de Betânia"", ""Prefeitura Municipal de Bom Jesus"", ""Prefeitura Municipal de Brasileira"", ""Prefeitura Municipal de Campo Maior"", ""Prefeitura Municipal de Caracol"", ""Prefeitura Municipal de Castelo do Piauí"", ""Prefeitura Municipal de Guadalupe"", ""Prefeitura Municipal de Eliseu Martins""]",146.pdf,doc_aac6d7d83b72c1c7
